2026-05-15 18:29:51 [INFO] Start fetching: https://2025kj.zkclhb.com:2025/am.html
2026-05-15 18:29:52 [INFO] Fetch success: C:\codex\test\am\index.html
2026-05-15 18:30:36 [INFO] Start fetching: https://2025kj.zkclhb.com:2025/am.html
2026-05-15 18:30:37 [INFO] Fetch success: C:\codex\test\am\index.html
2026-05-15 18:33:24 [INFO] Start fetching: https://2025kj.zkclhb.com:2025/am.html
2026-05-15 18:33:25 [INFO] Fetch success: C:\codex\test\am\index.html
2026-05-15 18:33:43 [INFO] Start fetching: https://2025kj.zkclhb.com:2025/am.html
2026-05-15 18:33:44 [INFO] Fetch success: C:\codex\test\am\index.html
2026-05-15 18:34:16 [INFO] Start fetching: https://2025kj.zkclhb.com:2025/am.html
2026-05-15 18:34:17 [INFO] Fetch success: C:\codex\test\am\index.html
2026-05-15 19:27:15 [INFO] Start fetching: https://2025kj.zkclhb.com:2025/am.html
2026-05-15 19:27:16 [INFO] Fetch success: C:\codex\test\am\index.html
2026-05-15 19:39:39 [INFO] Start fetching: https://2025kj.zkclhb.com:2025/am.html
2026-05-15 19:39:39 [INFO] Start fetching linked page: https://2025kj.zkclhb.com:2025/hk.html
2026-05-15 19:39:40 [INFO] Linked page saved: C:\codex\test\am\pages\hk.html
2026-05-15 19:39:40 [INFO] Start fetching linked page: https://2025kj.zkclhb.com:2025/am2.html
2026-05-15 19:39:40 [INFO] Linked page saved: C:\codex\test\am\pages\am2.html
2026-05-15 19:39:40 [INFO] Start fetching linked page: https://2025kj.zkclhb.com:2025/am.html
2026-05-15 19:39:41 [INFO] Linked page saved: C:\codex\test\am\pages\am.html
2026-05-15 19:39:41 [INFO] Start fetching linked page: https://2025kj.zkclhb.com:2025/am20.html
2026-05-15 19:39:41 [INFO] Linked page saved: C:\codex\test\am\pages\am20.html
2026-05-15 19:39:41 [INFO] Start fetching linked page: https://2025kj.zkclhb.com:2025/am50.html
2026-05-15 19:39:41 [INFO] Linked page saved: C:\codex\test\am\pages\am50.html
2026-05-15 19:39:41 [INFO] Start fetching linked page: https://2025kj.zkclhb.com:2025/am100.html
2026-05-15 19:39:42 [INFO] Linked page saved: C:\codex\test\am\pages\am100.html
2026-05-15 19:39:42 [INFO] Start fetching linked page: https://2025kj.zkclhb.com:2025/am200.html
2026-05-15 19:39:42 [INFO] Linked page saved: C:\codex\test\am\pages\am200.html
2026-05-15 19:39:42 [INFO] Start fetching linked page: https://2025kj.zkclhb.com:2025/2025.html
2026-05-15 19:39:43 [INFO] Linked page saved: C:\codex\test\am\pages\2025.html
2026-05-15 19:39:43 [INFO] Start fetching linked page: https://2025kj.zkclhb.com:2025/2024.html
2026-05-15 19:39:44 [INFO] Linked page saved: C:\codex\test\am\pages\2024.html
2026-05-15 19:39:44 [INFO] Start fetching linked page: https://2025kj.zkclhb.com:2025/2023.html
2026-05-15 19:39:44 [INFO] Linked page saved: C:\codex\test\am\pages\2023.html
2026-05-15 19:39:44 [INFO] Start fetching linked page: https://2025kj.zkclhb.com:2025/2022.html
2026-05-15 19:39:45 [INFO] Linked page saved: C:\codex\test\am\pages\2022.html
2026-05-15 19:39:45 [INFO] Start fetching linked page: https://2025kj.zkclhb.com:2025/2021.html
2026-05-15 19:39:45 [INFO] Linked page saved: C:\codex\test\am\pages\2021.html
2026-05-15 19:39:45 [INFO] Start fetching linked page: https://2025kj.zkclhb.com:2025/2020.html
2026-05-15 19:39:46 [INFO] Linked page saved: C:\codex\test\am\pages\2020.html
2026-05-15 19:39:46 [INFO] Fetch success: C:\codex\test\am\index.html
2026-05-15 19:45:32 [INFO] Start fetching: https://2025kj.zkclhb.com:2025/am.html
2026-05-15 19:45:32 [INFO] Start fetching linked page: https://2025kj.zkclhb.com:2025/hk.html
2026-05-15 19:45:33 [INFO] Linked page saved: C:\codex\test\am\pages\hk.html
2026-05-15 19:45:33 [INFO] Start fetching linked page: https://2025kj.zkclhb.com:2025/am2.html
2026-05-15 19:45:33 [INFO] Linked page saved: C:\codex\test\am\pages\am2.html
2026-05-15 19:45:33 [INFO] Start fetching linked page: https://2025kj.zkclhb.com:2025/am.html
2026-05-15 19:45:34 [INFO] Linked page saved: C:\codex\test\am\pages\am.html
2026-05-15 19:45:34 [INFO] Start fetching linked page: https://2025kj.zkclhb.com:2025/am20.html
2026-05-15 19:45:34 [INFO] Linked page saved: C:\codex\test\am\pages\am20.html
2026-05-15 19:45:34 [INFO] Start fetching linked page: https://2025kj.zkclhb.com:2025/am50.html
2026-05-15 19:45:34 [INFO] Linked page saved: C:\codex\test\am\pages\am50.html
2026-05-15 19:45:34 [INFO] Start fetching linked page: https://2025kj.zkclhb.com:2025/am100.html
2026-05-15 19:45:35 [INFO] Linked page saved: C:\codex\test\am\pages\am100.html
2026-05-15 19:45:35 [INFO] Start fetching linked page: https://2025kj.zkclhb.com:2025/am200.html
2026-05-15 19:45:35 [INFO] Linked page saved: C:\codex\test\am\pages\am200.html
2026-05-15 19:45:35 [INFO] Start fetching linked page: https://2025kj.zkclhb.com:2025/2025.html
2026-05-15 19:45:36 [INFO] Linked page saved: C:\codex\test\am\pages\2025.html
2026-05-15 19:45:36 [INFO] Start fetching linked page: https://2025kj.zkclhb.com:2025/2024.html
2026-05-15 19:45:36 [INFO] Linked page saved: C:\codex\test\am\pages\2024.html
2026-05-15 19:45:36 [INFO] Start fetching linked page: https://2025kj.zkclhb.com:2025/2023.html
2026-05-15 19:45:37 [INFO] Linked page saved: C:\codex\test\am\pages\2023.html
2026-05-15 19:45:37 [INFO] Start fetching linked page: https://2025kj.zkclhb.com:2025/2022.html
2026-05-15 19:45:38 [INFO] Linked page saved: C:\codex\test\am\pages\2022.html
2026-05-15 19:45:38 [INFO] Start fetching linked page: https://2025kj.zkclhb.com:2025/2021.html
2026-05-15 19:45:38 [INFO] Linked page saved: C:\codex\test\am\pages\2021.html
2026-05-15 19:45:38 [INFO] Start fetching linked page: https://2025kj.zkclhb.com:2025/2020.html
2026-05-15 19:45:39 [INFO] Linked page saved: C:\codex\test\am\pages\2020.html
2026-05-15 19:45:39 [INFO] Fetch success: C:\codex\test\am\index.html
2026-05-15 19:49:46 [INFO] Start fetching: https://2025kj.zkclhb.com:2025/am.html
2026-05-15 19:49:47 [INFO] Start discovering linked page: https://2025kj.zkclhb.com:2025/hk.html
2026-05-15 19:49:47 [INFO] Start discovering linked page: https://2025kj.zkclhb.com:2025/am2.html
2026-05-15 19:49:47 [INFO] Start discovering linked page: https://2025kj.zkclhb.com:2025/am20.html
2026-05-15 19:49:47 [INFO] Start discovering linked page: https://2025kj.zkclhb.com:2025/am50.html
2026-05-15 19:49:48 [INFO] Start discovering linked page: https://2025kj.zkclhb.com:2025/am100.html
2026-05-15 19:49:48 [INFO] Start discovering linked page: https://2025kj.zkclhb.com:2025/am200.html
2026-05-15 19:49:48 [INFO] Start discovering linked page: https://2025kj.zkclhb.com:2025/2025.html
2026-05-15 19:49:49 [INFO] Start discovering linked page: https://2025kj.zkclhb.com:2025/2024.html
2026-05-15 19:49:49 [INFO] Start discovering linked page: https://2025kj.zkclhb.com:2025/2023.html
2026-05-15 19:49:49 [INFO] Start discovering linked page: https://2025kj.zkclhb.com:2025/2022.html
2026-05-15 19:49:50 [INFO] Start discovering linked page: https://2025kj.zkclhb.com:2025/2021.html
2026-05-15 19:49:50 [INFO] Start discovering linked page: https://2025kj.zkclhb.com:2025/2020.html
2026-05-15 19:49:51 [INFO] Start discovering linked page: https://2025kj.zkclhb.com:2025/hk1.html
2026-05-15 19:49:51 [INFO] Start discovering linked page: https://2025kj.zkclhb.com:2025/hk2.html
2026-05-15 19:49:51 [INFO] Start discovering linked page: https://2025kj.zkclhb.com:2025/hk20.html
2026-05-15 19:49:51 [INFO] Start discovering linked page: https://2025kj.zkclhb.com:2025/hk50.html
2026-05-15 19:49:51 [INFO] Start discovering linked page: https://2025kj.zkclhb.com:2025/hk100.html
2026-05-15 19:49:52 [INFO] Start discovering linked page: https://2025kj.zkclhb.com:2025/hk200.html
2026-05-15 19:49:52 [INFO] Start discovering linked page: https://2025kj.zkclhb.com:2025/20251.html
2026-05-15 19:49:52 [INFO] Start discovering linked page: https://2025kj.zkclhb.com:2025/20241.html
2026-05-15 19:49:52 [INFO] Start discovering linked page: https://2025kj.zkclhb.com:2025/20231.html
2026-05-15 19:49:53 [INFO] Start discovering linked page: https://2025kj.zkclhb.com:2025/20221.html
2026-05-15 19:49:53 [INFO] Start discovering linked page: https://2025kj.zkclhb.com:2025/20211.html
2026-05-15 19:49:53 [INFO] Start discovering linked page: https://2025kj.zkclhb.com:2025/20201.html
2026-05-15 19:49:54 [INFO] Start discovering linked page: https://2025kj.zkclhb.com:2025/am1.html
2026-05-15 19:49:54 [INFO] Start saving linked page: https://2025kj.zkclhb.com:2025/hk.html
2026-05-15 19:49:54 [INFO] Linked page saved: C:\codex\test\am\pages\hk.html
2026-05-15 19:49:54 [INFO] Start saving linked page: https://2025kj.zkclhb.com:2025/am2.html
2026-05-15 19:49:55 [INFO] Linked page saved: C:\codex\test\am\pages\am2.html
2026-05-15 19:49:55 [INFO] Start saving linked page: https://2025kj.zkclhb.com:2025/am20.html
2026-05-15 19:49:55 [INFO] Linked page saved: C:\codex\test\am\pages\am20.html
2026-05-15 19:49:55 [INFO] Start saving linked page: https://2025kj.zkclhb.com:2025/am50.html
2026-05-15 19:49:55 [INFO] Linked page saved: C:\codex\test\am\pages\am50.html
2026-05-15 19:49:55 [INFO] Start saving linked page: https://2025kj.zkclhb.com:2025/am100.html
2026-05-15 19:49:55 [INFO] Linked page saved: C:\codex\test\am\pages\am100.html
2026-05-15 19:49:55 [INFO] Start saving linked page: https://2025kj.zkclhb.com:2025/am200.html
2026-05-15 19:49:55 [INFO] Linked page saved: C:\codex\test\am\pages\am200.html
2026-05-15 19:49:55 [INFO] Start saving linked page: https://2025kj.zkclhb.com:2025/2025.html
2026-05-15 19:49:55 [INFO] Linked page saved: C:\codex\test\am\pages\2025.html
2026-05-15 19:49:55 [INFO] Start saving linked page: https://2025kj.zkclhb.com:2025/2024.html
2026-05-15 19:49:56 [INFO] Linked page saved: C:\codex\test\am\pages\2024.html
2026-05-15 19:49:56 [INFO] Start saving linked page: https://2025kj.zkclhb.com:2025/2023.html
2026-05-15 19:49:56 [INFO] Linked page saved: C:\codex\test\am\pages\2023.html
2026-05-15 19:49:56 [INFO] Start saving linked page: https://2025kj.zkclhb.com:2025/2022.html
2026-05-15 19:49:56 [INFO] Linked page saved: C:\codex\test\am\pages\2022.html
2026-05-15 19:49:56 [INFO] Start saving linked page: https://2025kj.zkclhb.com:2025/2021.html
2026-05-15 19:49:56 [INFO] Linked page saved: C:\codex\test\am\pages\2021.html
2026-05-15 19:49:56 [INFO] Start saving linked page: https://2025kj.zkclhb.com:2025/2020.html
2026-05-15 19:49:56 [INFO] Linked page saved: C:\codex\test\am\pages\2020.html
2026-05-15 19:49:56 [INFO] Start saving linked page: https://2025kj.zkclhb.com:2025/hk1.html
2026-05-15 19:49:57 [INFO] Linked page saved: C:\codex\test\am\pages\hk1.html
2026-05-15 19:49:57 [INFO] Start saving linked page: https://2025kj.zkclhb.com:2025/hk2.html
2026-05-15 19:49:57 [INFO] Linked page saved: C:\codex\test\am\pages\hk2.html
2026-05-15 19:49:57 [INFO] Start saving linked page: https://2025kj.zkclhb.com:2025/hk20.html
2026-05-15 19:49:57 [INFO] Linked page saved: C:\codex\test\am\pages\hk20.html
2026-05-15 19:49:57 [INFO] Start saving linked page: https://2025kj.zkclhb.com:2025/hk50.html
2026-05-15 19:49:57 [INFO] Linked page saved: C:\codex\test\am\pages\hk50.html
2026-05-15 19:49:57 [INFO] Start saving linked page: https://2025kj.zkclhb.com:2025/hk100.html
2026-05-15 19:49:57 [INFO] Linked page saved: C:\codex\test\am\pages\hk100.html
2026-05-15 19:49:57 [INFO] Start saving linked page: https://2025kj.zkclhb.com:2025/hk200.html
2026-05-15 19:49:57 [INFO] Linked page saved: C:\codex\test\am\pages\hk200.html
2026-05-15 19:49:57 [INFO] Start saving linked page: https://2025kj.zkclhb.com:2025/20251.html
2026-05-15 19:49:58 [INFO] Linked page saved: C:\codex\test\am\pages\20251.html
2026-05-15 19:49:58 [INFO] Start saving linked page: https://2025kj.zkclhb.com:2025/20241.html
2026-05-15 19:49:58 [INFO] Linked page saved: C:\codex\test\am\pages\20241.html
2026-05-15 19:49:58 [INFO] Start saving linked page: https://2025kj.zkclhb.com:2025/20231.html
2026-05-15 19:49:58 [INFO] Linked page saved: C:\codex\test\am\pages\20231.html
2026-05-15 19:49:58 [INFO] Start saving linked page: https://2025kj.zkclhb.com:2025/20221.html
2026-05-15 19:49:58 [INFO] Linked page saved: C:\codex\test\am\pages\20221.html
2026-05-15 19:49:58 [INFO] Start saving linked page: https://2025kj.zkclhb.com:2025/20211.html
2026-05-15 19:49:58 [INFO] Linked page saved: C:\codex\test\am\pages\20211.html
2026-05-15 19:49:58 [INFO] Start saving linked page: https://2025kj.zkclhb.com:2025/20201.html
2026-05-15 19:49:58 [INFO] Linked page saved: C:\codex\test\am\pages\20201.html
2026-05-15 19:49:58 [INFO] Start saving linked page: https://2025kj.zkclhb.com:2025/am1.html
2026-05-15 19:49:59 [INFO] Linked page saved: C:\codex\test\am\pages\am1.html
2026-05-15 19:49:59 [INFO] Fetch success: C:\codex\test\am\index.html
2026-05-15 20:29:28 [INFO] Start fetching: https://2025kj.zkclhb.com:2025/am.html
2026-05-15 20:29:29 [INFO] Start discovering linked page: https://2025kj.zkclhb.com:2025/hk.html
2026-05-15 20:29:29 [INFO] Start discovering linked page: https://2025kj.zkclhb.com:2025/am2.html
2026-05-15 20:29:29 [INFO] Start discovering linked page: https://2025kj.zkclhb.com:2025/am20.html
2026-05-15 20:29:30 [INFO] Start discovering linked page: https://2025kj.zkclhb.com:2025/am50.html
2026-05-15 20:29:30 [INFO] Start discovering linked page: https://2025kj.zkclhb.com:2025/am100.html
2026-05-15 20:29:30 [INFO] Start discovering linked page: https://2025kj.zkclhb.com:2025/am200.html
2026-05-15 20:29:30 [INFO] Start discovering linked page: https://2025kj.zkclhb.com:2025/2025.html
2026-05-15 20:29:31 [INFO] Start discovering linked page: https://2025kj.zkclhb.com:2025/2024.html
2026-05-15 20:29:31 [INFO] Start discovering linked page: https://2025kj.zkclhb.com:2025/2023.html
2026-05-15 20:29:32 [INFO] Start discovering linked page: https://2025kj.zkclhb.com:2025/2022.html
2026-05-15 20:29:32 [INFO] Start discovering linked page: https://2025kj.zkclhb.com:2025/2021.html
2026-05-15 20:29:32 [INFO] Start discovering linked page: https://2025kj.zkclhb.com:2025/2020.html
2026-05-15 20:29:33 [INFO] Start discovering linked page: https://2025kj.zkclhb.com:2025/hk1.html
2026-05-15 20:29:33 [INFO] Start discovering linked page: https://2025kj.zkclhb.com:2025/hk2.html
2026-05-15 20:29:33 [INFO] Start discovering linked page: https://2025kj.zkclhb.com:2025/hk20.html
2026-05-15 20:29:33 [INFO] Start discovering linked page: https://2025kj.zkclhb.com:2025/hk50.html
2026-05-15 20:29:34 [INFO] Start discovering linked page: https://2025kj.zkclhb.com:2025/hk100.html
2026-05-15 20:29:34 [INFO] Start discovering linked page: https://2025kj.zkclhb.com:2025/hk200.html
2026-05-15 20:29:34 [INFO] Start discovering linked page: https://2025kj.zkclhb.com:2025/20251.html
2026-05-15 20:29:34 [INFO] Start discovering linked page: https://2025kj.zkclhb.com:2025/20241.html
2026-05-15 20:29:35 [INFO] Start discovering linked page: https://2025kj.zkclhb.com:2025/20231.html
2026-05-15 20:29:35 [INFO] Start discovering linked page: https://2025kj.zkclhb.com:2025/20221.html
2026-05-15 20:29:35 [INFO] Start discovering linked page: https://2025kj.zkclhb.com:2025/20211.html
2026-05-15 20:29:36 [INFO] Start discovering linked page: https://2025kj.zkclhb.com:2025/20201.html
2026-05-15 20:29:36 [INFO] Start discovering linked page: https://2025kj.zkclhb.com:2025/am1.html
2026-05-15 20:29:37 [INFO] Start saving linked page: https://2025kj.zkclhb.com:2025/hk.html
2026-05-15 20:29:37 [INFO] Linked page saved: C:\codex\test\am\pages\hk.html
2026-05-15 20:29:37 [INFO] Start saving linked page: https://2025kj.zkclhb.com:2025/am2.html
2026-05-15 20:29:37 [INFO] Linked page saved: C:\codex\test\am\pages\am2.html
2026-05-15 20:29:37 [INFO] Start saving linked page: https://2025kj.zkclhb.com:2025/am20.html
2026-05-15 20:29:37 [INFO] Linked page saved: C:\codex\test\am\pages\am20.html
2026-05-15 20:29:37 [INFO] Start saving linked page: https://2025kj.zkclhb.com:2025/am50.html
2026-05-15 20:29:37 [INFO] Linked page saved: C:\codex\test\am\pages\am50.html
2026-05-15 20:29:37 [INFO] Start saving linked page: https://2025kj.zkclhb.com:2025/am100.html
2026-05-15 20:29:37 [INFO] Linked page saved: C:\codex\test\am\pages\am100.html
2026-05-15 20:29:37 [INFO] Start saving linked page: https://2025kj.zkclhb.com:2025/am200.html
2026-05-15 20:29:38 [INFO] Linked page saved: C:\codex\test\am\pages\am200.html
2026-05-15 20:29:38 [INFO] Start saving linked page: https://2025kj.zkclhb.com:2025/2025.html
2026-05-15 20:29:38 [INFO] Linked page saved: C:\codex\test\am\pages\2025.html
2026-05-15 20:29:38 [INFO] Start saving linked page: https://2025kj.zkclhb.com:2025/2024.html
2026-05-15 20:29:38 [INFO] Linked page saved: C:\codex\test\am\pages\2024.html
2026-05-15 20:29:38 [INFO] Start saving linked page: https://2025kj.zkclhb.com:2025/2023.html
2026-05-15 20:29:38 [INFO] Linked page saved: C:\codex\test\am\pages\2023.html
2026-05-15 20:29:38 [INFO] Start saving linked page: https://2025kj.zkclhb.com:2025/2022.html
2026-05-15 20:29:39 [INFO] Linked page saved: C:\codex\test\am\pages\2022.html
2026-05-15 20:29:39 [INFO] Start saving linked page: https://2025kj.zkclhb.com:2025/2021.html
2026-05-15 20:29:39 [INFO] Linked page saved: C:\codex\test\am\pages\2021.html
2026-05-15 20:29:39 [INFO] Start saving linked page: https://2025kj.zkclhb.com:2025/2020.html
2026-05-15 20:29:39 [INFO] Linked page saved: C:\codex\test\am\pages\2020.html
2026-05-15 20:29:39 [INFO] Start saving linked page: https://2025kj.zkclhb.com:2025/hk1.html
2026-05-15 20:29:39 [INFO] Linked page saved: C:\codex\test\am\pages\hk1.html
2026-05-15 20:29:39 [INFO] Start saving linked page: https://2025kj.zkclhb.com:2025/hk2.html
2026-05-15 20:29:39 [INFO] Linked page saved: C:\codex\test\am\pages\hk2.html
2026-05-15 20:29:39 [INFO] Start saving linked page: https://2025kj.zkclhb.com:2025/hk20.html
2026-05-15 20:29:39 [INFO] Linked page saved: C:\codex\test\am\pages\hk20.html
2026-05-15 20:29:39 [INFO] Start saving linked page: https://2025kj.zkclhb.com:2025/hk50.html
2026-05-15 20:29:40 [INFO] Linked page saved: C:\codex\test\am\pages\hk50.html
2026-05-15 20:29:40 [INFO] Start saving linked page: https://2025kj.zkclhb.com:2025/hk100.html
2026-05-15 20:29:40 [INFO] Linked page saved: C:\codex\test\am\pages\hk100.html
2026-05-15 20:29:40 [INFO] Start saving linked page: https://2025kj.zkclhb.com:2025/hk200.html
2026-05-15 20:29:40 [INFO] Linked page saved: C:\codex\test\am\pages\hk200.html
2026-05-15 20:29:40 [INFO] Start saving linked page: https://2025kj.zkclhb.com:2025/20251.html
2026-05-15 20:29:40 [INFO] Linked page saved: C:\codex\test\am\pages\20251.html
2026-05-15 20:29:40 [INFO] Start saving linked page: https://2025kj.zkclhb.com:2025/20241.html
2026-05-15 20:29:40 [INFO] Linked page saved: C:\codex\test\am\pages\20241.html
2026-05-15 20:29:40 [INFO] Start saving linked page: https://2025kj.zkclhb.com:2025/20231.html
2026-05-15 20:29:41 [INFO] Linked page saved: C:\codex\test\am\pages\20231.html
2026-05-15 20:29:41 [INFO] Start saving linked page: https://2025kj.zkclhb.com:2025/20221.html
2026-05-15 20:29:41 [INFO] Linked page saved: C:\codex\test\am\pages\20221.html
2026-05-15 20:29:41 [INFO] Start saving linked page: https://2025kj.zkclhb.com:2025/20211.html
2026-05-15 20:29:41 [INFO] Linked page saved: C:\codex\test\am\pages\20211.html
2026-05-15 20:29:41 [INFO] Start saving linked page: https://2025kj.zkclhb.com:2025/20201.html
2026-05-15 20:29:41 [INFO] Linked page saved: C:\codex\test\am\pages\20201.html
2026-05-15 20:29:41 [INFO] Start saving linked page: https://2025kj.zkclhb.com:2025/am1.html
2026-05-15 20:29:41 [INFO] Linked page saved: C:\codex\test\am\pages\am1.html
2026-05-15 20:29:41 [INFO] Fetch success: C:\codex\test\am\index.html
2026-05-15 20:46:40 [INFO] Start fetching: https://2025kj.zkclhb.com:2025/am.html
2026-05-15 20:46:40 [INFO] Start discovering linked page: https://2025kj.zkclhb.com:2025/hk.html
2026-05-15 20:46:41 [INFO] Start discovering linked page: https://2025kj.zkclhb.com:2025/am2.html
2026-05-15 20:46:41 [INFO] Start discovering linked page: https://2025kj.zkclhb.com:2025/am20.html
2026-05-15 20:46:41 [INFO] Start discovering linked page: https://2025kj.zkclhb.com:2025/am50.html
2026-05-15 20:46:41 [INFO] Start discovering linked page: https://2025kj.zkclhb.com:2025/am100.html
2026-05-15 20:46:42 [INFO] Start discovering linked page: https://2025kj.zkclhb.com:2025/am200.html
2026-05-15 20:46:42 [INFO] Start discovering linked page: https://2025kj.zkclhb.com:2025/2025.html
2026-05-15 20:46:42 [INFO] Start discovering linked page: https://2025kj.zkclhb.com:2025/2024.html
2026-05-15 20:46:43 [INFO] Start discovering linked page: https://2025kj.zkclhb.com:2025/2023.html
2026-05-15 20:46:43 [INFO] Start discovering linked page: https://2025kj.zkclhb.com:2025/2022.html
2026-05-15 20:46:43 [INFO] Start discovering linked page: https://2025kj.zkclhb.com:2025/2021.html
2026-05-15 20:46:44 [INFO] Start discovering linked page: https://2025kj.zkclhb.com:2025/2020.html
2026-05-15 20:46:44 [INFO] Start discovering linked page: https://2025kj.zkclhb.com:2025/hk1.html
2026-05-15 20:46:44 [INFO] Start discovering linked page: https://2025kj.zkclhb.com:2025/hk2.html
2026-05-15 20:46:45 [INFO] Start discovering linked page: https://2025kj.zkclhb.com:2025/hk20.html
2026-05-15 20:46:45 [INFO] Start discovering linked page: https://2025kj.zkclhb.com:2025/hk50.html
2026-05-15 20:46:45 [INFO] Start discovering linked page: https://2025kj.zkclhb.com:2025/hk100.html
2026-05-15 20:46:45 [INFO] Start discovering linked page: https://2025kj.zkclhb.com:2025/hk200.html
2026-05-15 20:46:46 [INFO] Start discovering linked page: https://2025kj.zkclhb.com:2025/20251.html
2026-05-15 20:46:46 [INFO] Start discovering linked page: https://2025kj.zkclhb.com:2025/20241.html
2026-05-15 20:46:46 [INFO] Start discovering linked page: https://2025kj.zkclhb.com:2025/20231.html
2026-05-15 20:46:46 [INFO] Start discovering linked page: https://2025kj.zkclhb.com:2025/20221.html
2026-05-15 20:46:47 [INFO] Start discovering linked page: https://2025kj.zkclhb.com:2025/20211.html
2026-05-15 20:46:47 [INFO] Start discovering linked page: https://2025kj.zkclhb.com:2025/20201.html
2026-05-15 20:46:47 [INFO] Start discovering linked page: https://2025kj.zkclhb.com:2025/am1.html
2026-05-15 20:46:48 [INFO] Start saving linked page: https://2025kj.zkclhb.com:2025/hk.html
2026-05-15 20:46:48 [INFO] Linked page saved: C:\codex\test\am\pages\hk.html
2026-05-15 20:46:48 [INFO] Start saving linked page: https://2025kj.zkclhb.com:2025/am2.html
2026-05-15 20:46:48 [INFO] Linked page saved: C:\codex\test\am\pages\am2.html
2026-05-15 20:46:48 [INFO] Start saving linked page: https://2025kj.zkclhb.com:2025/am20.html
2026-05-15 20:46:49 [INFO] Linked page saved: C:\codex\test\am\pages\am20.html
2026-05-15 20:46:49 [INFO] Start saving linked page: https://2025kj.zkclhb.com:2025/am50.html
2026-05-15 20:46:49 [INFO] Linked page saved: C:\codex\test\am\pages\am50.html
2026-05-15 20:46:49 [INFO] Start saving linked page: https://2025kj.zkclhb.com:2025/am100.html
2026-05-15 20:46:49 [INFO] Linked page saved: C:\codex\test\am\pages\am100.html
2026-05-15 20:46:49 [INFO] Start saving linked page: https://2025kj.zkclhb.com:2025/am200.html
2026-05-15 20:46:49 [INFO] Linked page saved: C:\codex\test\am\pages\am200.html
2026-05-15 20:46:49 [INFO] Start saving linked page: https://2025kj.zkclhb.com:2025/2025.html
2026-05-15 20:46:49 [INFO] Linked page saved: C:\codex\test\am\pages\2025.html
2026-05-15 20:46:49 [INFO] Start saving linked page: https://2025kj.zkclhb.com:2025/2024.html
2026-05-15 20:46:50 [INFO] Linked page saved: C:\codex\test\am\pages\2024.html
2026-05-15 20:46:50 [INFO] Start saving linked page: https://2025kj.zkclhb.com:2025/2023.html
2026-05-15 20:46:50 [INFO] Linked page saved: C:\codex\test\am\pages\2023.html
2026-05-15 20:46:50 [INFO] Start saving linked page: https://2025kj.zkclhb.com:2025/2022.html
2026-05-15 20:46:50 [INFO] Linked page saved: C:\codex\test\am\pages\2022.html
2026-05-15 20:46:50 [INFO] Start saving linked page: https://2025kj.zkclhb.com:2025/2021.html
2026-05-15 20:46:50 [INFO] Linked page saved: C:\codex\test\am\pages\2021.html
2026-05-15 20:46:50 [INFO] Start saving linked page: https://2025kj.zkclhb.com:2025/2020.html
2026-05-15 20:46:50 [INFO] Linked page saved: C:\codex\test\am\pages\2020.html
2026-05-15 20:46:50 [INFO] Start saving linked page: https://2025kj.zkclhb.com:2025/hk1.html
2026-05-15 20:46:51 [INFO] Linked page saved: C:\codex\test\am\pages\hk1.html
2026-05-15 20:46:51 [INFO] Start saving linked page: https://2025kj.zkclhb.com:2025/hk2.html
2026-05-15 20:46:51 [INFO] Linked page saved: C:\codex\test\am\pages\hk2.html
2026-05-15 20:46:51 [INFO] Start saving linked page: https://2025kj.zkclhb.com:2025/hk20.html
2026-05-15 20:46:51 [INFO] Linked page saved: C:\codex\test\am\pages\hk20.html
2026-05-15 20:46:51 [INFO] Start saving linked page: https://2025kj.zkclhb.com:2025/hk50.html
2026-05-15 20:46:51 [INFO] Linked page saved: C:\codex\test\am\pages\hk50.html
2026-05-15 20:46:51 [INFO] Start saving linked page: https://2025kj.zkclhb.com:2025/hk100.html
2026-05-15 20:46:51 [INFO] Linked page saved: C:\codex\test\am\pages\hk100.html
2026-05-15 20:46:51 [INFO] Start saving linked page: https://2025kj.zkclhb.com:2025/hk200.html
2026-05-15 20:46:52 [INFO] Linked page saved: C:\codex\test\am\pages\hk200.html
2026-05-15 20:46:52 [INFO] Start saving linked page: https://2025kj.zkclhb.com:2025/20251.html
2026-05-15 20:46:52 [INFO] Linked page saved: C:\codex\test\am\pages\20251.html
2026-05-15 20:46:52 [INFO] Start saving linked page: https://2025kj.zkclhb.com:2025/20241.html
2026-05-15 20:46:52 [INFO] Linked page saved: C:\codex\test\am\pages\20241.html
2026-05-15 20:46:52 [INFO] Start saving linked page: https://2025kj.zkclhb.com:2025/20231.html
2026-05-15 20:46:52 [INFO] Linked page saved: C:\codex\test\am\pages\20231.html
2026-05-15 20:46:52 [INFO] Start saving linked page: https://2025kj.zkclhb.com:2025/20221.html
2026-05-15 20:46:52 [INFO] Linked page saved: C:\codex\test\am\pages\20221.html
2026-05-15 20:46:52 [INFO] Start saving linked page: https://2025kj.zkclhb.com:2025/20211.html
2026-05-15 20:46:52 [INFO] Linked page saved: C:\codex\test\am\pages\20211.html
2026-05-15 20:46:52 [INFO] Start saving linked page: https://2025kj.zkclhb.com:2025/20201.html
2026-05-15 20:46:53 [INFO] Linked page saved: C:\codex\test\am\pages\20201.html
2026-05-15 20:46:53 [INFO] Start saving linked page: https://2025kj.zkclhb.com:2025/am1.html
2026-05-15 20:46:53 [INFO] Linked page saved: C:\codex\test\am\pages\am1.html
2026-05-15 20:47:09 [INFO] Dashboard data refreshed
2026-05-15 20:47:09 [INFO] Fetch success: C:\codex\test\am\index.html
2026-05-15 21:45:00 [INFO] Start fetching: https://2025kj.zkclhb.com:2025/am.html
2026-05-15 21:45:01 [INFO] Start discovering linked page: https://2025kj.zkclhb.com:2025/hk.html
2026-05-15 21:45:01 [INFO] Start discovering linked page: https://2025kj.zkclhb.com:2025/am2.html
2026-05-15 21:45:01 [INFO] Start discovering linked page: https://2025kj.zkclhb.com:2025/am20.html
2026-05-15 21:45:01 [INFO] Start discovering linked page: https://2025kj.zkclhb.com:2025/am50.html
2026-05-15 21:45:01 [INFO] Start discovering linked page: https://2025kj.zkclhb.com:2025/am100.html
2026-05-15 21:45:02 [INFO] Start discovering linked page: https://2025kj.zkclhb.com:2025/am200.html
2026-05-15 21:45:02 [INFO] Start discovering linked page: https://2025kj.zkclhb.com:2025/2025.html
2026-05-15 21:45:02 [INFO] Start discovering linked page: https://2025kj.zkclhb.com:2025/2024.html
2026-05-15 21:45:03 [INFO] Start discovering linked page: https://2025kj.zkclhb.com:2025/2023.html
2026-05-15 21:45:03 [INFO] Start discovering linked page: https://2025kj.zkclhb.com:2025/2022.html
2026-05-15 21:45:04 [INFO] Start discovering linked page: https://2025kj.zkclhb.com:2025/2021.html
2026-05-15 21:45:04 [INFO] Start discovering linked page: https://2025kj.zkclhb.com:2025/2020.html
2026-05-15 21:45:04 [INFO] Start discovering linked page: https://2025kj.zkclhb.com:2025/hk1.html
2026-05-15 21:45:05 [INFO] Start discovering linked page: https://2025kj.zkclhb.com:2025/hk2.html
2026-05-15 21:45:05 [INFO] Start discovering linked page: https://2025kj.zkclhb.com:2025/hk20.html
2026-05-15 21:45:05 [INFO] Start discovering linked page: https://2025kj.zkclhb.com:2025/hk50.html
2026-05-15 21:45:05 [INFO] Start discovering linked page: https://2025kj.zkclhb.com:2025/hk100.html
2026-05-15 21:45:05 [INFO] Start discovering linked page: https://2025kj.zkclhb.com:2025/hk200.html
2026-05-15 21:45:06 [INFO] Start discovering linked page: https://2025kj.zkclhb.com:2025/20251.html
2026-05-15 21:45:06 [INFO] Start discovering linked page: https://2025kj.zkclhb.com:2025/20241.html
2026-05-15 21:45:06 [INFO] Start discovering linked page: https://2025kj.zkclhb.com:2025/20231.html
2026-05-15 21:45:07 [INFO] Start discovering linked page: https://2025kj.zkclhb.com:2025/20221.html
2026-05-15 21:45:07 [INFO] Start discovering linked page: https://2025kj.zkclhb.com:2025/20211.html
2026-05-15 21:45:07 [INFO] Start discovering linked page: https://2025kj.zkclhb.com:2025/20201.html
2026-05-15 21:45:07 [INFO] Start discovering linked page: https://2025kj.zkclhb.com:2025/am1.html
2026-05-15 21:45:08 [INFO] Start saving linked page: https://2025kj.zkclhb.com:2025/hk.html
2026-05-15 21:45:08 [INFO] Linked page saved: C:\codex\test\am\pages\hk.html
2026-05-15 21:45:08 [INFO] Start saving linked page: https://2025kj.zkclhb.com:2025/am2.html
2026-05-15 21:45:08 [INFO] Linked page saved: C:\codex\test\am\pages\am2.html
2026-05-15 21:45:09 [INFO] Start saving linked page: https://2025kj.zkclhb.com:2025/am20.html
2026-05-15 21:45:09 [INFO] Linked page saved: C:\codex\test\am\pages\am20.html
2026-05-15 21:45:09 [INFO] Start saving linked page: https://2025kj.zkclhb.com:2025/am50.html
2026-05-15 21:45:09 [INFO] Linked page saved: C:\codex\test\am\pages\am50.html
2026-05-15 21:45:09 [INFO] Start saving linked page: https://2025kj.zkclhb.com:2025/am100.html
2026-05-15 21:45:09 [INFO] Linked page saved: C:\codex\test\am\pages\am100.html
2026-05-15 21:45:09 [INFO] Start saving linked page: https://2025kj.zkclhb.com:2025/am200.html
2026-05-15 21:45:09 [INFO] Linked page saved: C:\codex\test\am\pages\am200.html
2026-05-15 21:45:09 [INFO] Start saving linked page: https://2025kj.zkclhb.com:2025/2025.html
2026-05-15 21:45:09 [INFO] Linked page saved: C:\codex\test\am\pages\2025.html
2026-05-15 21:45:09 [INFO] Start saving linked page: https://2025kj.zkclhb.com:2025/2024.html
2026-05-15 21:45:10 [INFO] Linked page saved: C:\codex\test\am\pages\2024.html
2026-05-15 21:45:10 [INFO] Start saving linked page: https://2025kj.zkclhb.com:2025/2023.html
2026-05-15 21:45:10 [INFO] Linked page saved: C:\codex\test\am\pages\2023.html
2026-05-15 21:45:10 [INFO] Start saving linked page: https://2025kj.zkclhb.com:2025/2022.html
2026-05-15 21:45:10 [INFO] Linked page saved: C:\codex\test\am\pages\2022.html
2026-05-15 21:45:10 [INFO] Start saving linked page: https://2025kj.zkclhb.com:2025/2021.html
2026-05-15 21:45:10 [INFO] Linked page saved: C:\codex\test\am\pages\2021.html
2026-05-15 21:45:10 [INFO] Start saving linked page: https://2025kj.zkclhb.com:2025/2020.html
2026-05-15 21:45:10 [INFO] Linked page saved: C:\codex\test\am\pages\2020.html
2026-05-15 21:45:10 [INFO] Start saving linked page: https://2025kj.zkclhb.com:2025/hk1.html
2026-05-15 21:45:11 [INFO] Linked page saved: C:\codex\test\am\pages\hk1.html
2026-05-15 21:45:11 [INFO] Start saving linked page: https://2025kj.zkclhb.com:2025/hk2.html
2026-05-15 21:45:11 [INFO] Linked page saved: C:\codex\test\am\pages\hk2.html
2026-05-15 21:45:11 [INFO] Start saving linked page: https://2025kj.zkclhb.com:2025/hk20.html
2026-05-15 21:45:11 [INFO] Linked page saved: C:\codex\test\am\pages\hk20.html
2026-05-15 21:45:11 [INFO] Start saving linked page: https://2025kj.zkclhb.com:2025/hk50.html
2026-05-15 21:45:11 [INFO] Linked page saved: C:\codex\test\am\pages\hk50.html
2026-05-15 21:45:11 [INFO] Start saving linked page: https://2025kj.zkclhb.com:2025/hk100.html
2026-05-15 21:45:11 [INFO] Linked page saved: C:\codex\test\am\pages\hk100.html
2026-05-15 21:45:11 [INFO] Start saving linked page: https://2025kj.zkclhb.com:2025/hk200.html
2026-05-15 21:45:12 [INFO] Linked page saved: C:\codex\test\am\pages\hk200.html
2026-05-15 21:45:12 [INFO] Start saving linked page: https://2025kj.zkclhb.com:2025/20251.html
2026-05-15 21:45:12 [INFO] Linked page saved: C:\codex\test\am\pages\20251.html
2026-05-15 21:45:12 [INFO] Start saving linked page: https://2025kj.zkclhb.com:2025/20241.html
2026-05-15 21:45:12 [INFO] Linked page saved: C:\codex\test\am\pages\20241.html
2026-05-15 21:45:12 [INFO] Start saving linked page: https://2025kj.zkclhb.com:2025/20231.html
2026-05-15 21:45:12 [INFO] Linked page saved: C:\codex\test\am\pages\20231.html
2026-05-15 21:45:12 [INFO] Start saving linked page: https://2025kj.zkclhb.com:2025/20221.html
2026-05-15 21:45:12 [INFO] Linked page saved: C:\codex\test\am\pages\20221.html
2026-05-15 21:45:12 [INFO] Start saving linked page: https://2025kj.zkclhb.com:2025/20211.html
2026-05-15 21:45:12 [INFO] Linked page saved: C:\codex\test\am\pages\20211.html
2026-05-15 21:45:12 [INFO] Start saving linked page: https://2025kj.zkclhb.com:2025/20201.html
2026-05-15 21:45:13 [INFO] Linked page saved: C:\codex\test\am\pages\20201.html
2026-05-15 21:45:13 [INFO] Start saving linked page: https://2025kj.zkclhb.com:2025/am1.html
2026-05-15 21:45:13 [INFO] Linked page saved: C:\codex\test\am\pages\am1.html
2026-05-15 21:45:57 [INFO] Dashboard data refreshed
2026-05-15 21:45:57 [INFO] Fetch success: C:\codex\test\am\index.html
2026-05-16 21:45:01 [INFO] Start fetching: https://2025kj.zkclhb.com:2025/am.html
2026-05-16 21:45:02 [INFO] Start discovering linked page: https://2025kj.zkclhb.com:2025/hk.html
2026-05-16 21:45:02 [INFO] Start discovering linked page: https://2025kj.zkclhb.com:2025/am2.html
2026-05-16 21:45:02 [INFO] Start discovering linked page: https://2025kj.zkclhb.com:2025/am20.html
2026-05-16 21:45:03 [INFO] Start discovering linked page: https://2025kj.zkclhb.com:2025/am50.html
2026-05-16 21:45:03 [INFO] Start discovering linked page: https://2025kj.zkclhb.com:2025/am100.html
2026-05-16 21:45:03 [INFO] Start discovering linked page: https://2025kj.zkclhb.com:2025/am200.html
2026-05-16 21:45:03 [INFO] Start discovering linked page: https://2025kj.zkclhb.com:2025/2025.html
2026-05-16 21:45:04 [INFO] Start discovering linked page: https://2025kj.zkclhb.com:2025/2024.html
2026-05-16 21:45:04 [INFO] Start discovering linked page: https://2025kj.zkclhb.com:2025/2023.html
2026-05-16 21:45:05 [INFO] Start discovering linked page: https://2025kj.zkclhb.com:2025/2022.html
2026-05-16 21:45:05 [INFO] Start discovering linked page: https://2025kj.zkclhb.com:2025/2021.html
2026-05-16 21:45:05 [INFO] Start discovering linked page: https://2025kj.zkclhb.com:2025/2020.html
2026-05-16 21:45:06 [INFO] Start discovering linked page: https://2025kj.zkclhb.com:2025/hk1.html
2026-05-16 21:45:06 [INFO] Start discovering linked page: https://2025kj.zkclhb.com:2025/hk2.html
2026-05-16 21:45:06 [INFO] Start discovering linked page: https://2025kj.zkclhb.com:2025/hk20.html
2026-05-16 21:45:06 [INFO] Start discovering linked page: https://2025kj.zkclhb.com:2025/hk50.html
2026-05-16 21:45:07 [INFO] Start discovering linked page: https://2025kj.zkclhb.com:2025/hk100.html
2026-05-16 21:45:07 [INFO] Start discovering linked page: https://2025kj.zkclhb.com:2025/hk200.html
2026-05-16 21:45:07 [INFO] Start discovering linked page: https://2025kj.zkclhb.com:2025/20251.html
2026-05-16 21:45:07 [INFO] Start discovering linked page: https://2025kj.zkclhb.com:2025/20241.html
2026-05-16 21:45:08 [INFO] Start discovering linked page: https://2025kj.zkclhb.com:2025/20231.html
2026-05-16 21:45:08 [INFO] Start discovering linked page: https://2025kj.zkclhb.com:2025/20221.html
2026-05-16 21:45:08 [INFO] Start discovering linked page: https://2025kj.zkclhb.com:2025/20211.html
2026-05-16 21:45:09 [INFO] Start discovering linked page: https://2025kj.zkclhb.com:2025/20201.html
2026-05-16 21:45:09 [INFO] Start discovering linked page: https://2025kj.zkclhb.com:2025/am1.html
2026-05-16 21:45:10 [INFO] Start saving linked page: https://2025kj.zkclhb.com:2025/hk.html
2026-05-16 21:45:10 [INFO] Linked page saved: C:\codex\test\am\pages\hk.html
2026-05-16 21:45:10 [INFO] Start saving linked page: https://2025kj.zkclhb.com:2025/am2.html
2026-05-16 21:45:10 [INFO] Linked page saved: C:\codex\test\am\pages\am2.html
2026-05-16 21:45:10 [INFO] Start saving linked page: https://2025kj.zkclhb.com:2025/am20.html
2026-05-16 21:45:10 [INFO] Linked page saved: C:\codex\test\am\pages\am20.html
2026-05-16 21:45:10 [INFO] Start saving linked page: https://2025kj.zkclhb.com:2025/am50.html
2026-05-16 21:45:10 [INFO] Linked page saved: C:\codex\test\am\pages\am50.html
2026-05-16 21:45:10 [INFO] Start saving linked page: https://2025kj.zkclhb.com:2025/am100.html
2026-05-16 21:45:11 [INFO] Linked page saved: C:\codex\test\am\pages\am100.html
2026-05-16 21:45:11 [INFO] Start saving linked page: https://2025kj.zkclhb.com:2025/am200.html
2026-05-16 21:45:11 [INFO] Linked page saved: C:\codex\test\am\pages\am200.html
2026-05-16 21:45:11 [INFO] Start saving linked page: https://2025kj.zkclhb.com:2025/2025.html
2026-05-16 21:45:11 [INFO] Linked page saved: C:\codex\test\am\pages\2025.html
2026-05-16 21:45:11 [INFO] Start saving linked page: https://2025kj.zkclhb.com:2025/2024.html
2026-05-16 21:45:11 [INFO] Linked page saved: C:\codex\test\am\pages\2024.html
2026-05-16 21:45:11 [INFO] Start saving linked page: https://2025kj.zkclhb.com:2025/2023.html
2026-05-16 21:45:11 [INFO] Linked page saved: C:\codex\test\am\pages\2023.html
2026-05-16 21:45:11 [INFO] Start saving linked page: https://2025kj.zkclhb.com:2025/2022.html
2026-05-16 21:45:12 [INFO] Linked page saved: C:\codex\test\am\pages\2022.html
2026-05-16 21:45:12 [INFO] Start saving linked page: https://2025kj.zkclhb.com:2025/2021.html
2026-05-16 21:45:12 [INFO] Linked page saved: C:\codex\test\am\pages\2021.html
2026-05-16 21:45:12 [INFO] Start saving linked page: https://2025kj.zkclhb.com:2025/2020.html
2026-05-16 21:45:12 [INFO] Linked page saved: C:\codex\test\am\pages\2020.html
2026-05-16 21:45:12 [INFO] Start saving linked page: https://2025kj.zkclhb.com:2025/hk1.html
2026-05-16 21:45:12 [INFO] Linked page saved: C:\codex\test\am\pages\hk1.html
2026-05-16 21:45:12 [INFO] Start saving linked page: https://2025kj.zkclhb.com:2025/hk2.html
2026-05-16 21:45:12 [INFO] Linked page saved: C:\codex\test\am\pages\hk2.html
2026-05-16 21:45:12 [INFO] Start saving linked page: https://2025kj.zkclhb.com:2025/hk20.html
2026-05-16 21:45:13 [INFO] Linked page saved: C:\codex\test\am\pages\hk20.html
2026-05-16 21:45:13 [INFO] Start saving linked page: https://2025kj.zkclhb.com:2025/hk50.html
2026-05-16 21:45:13 [INFO] Linked page saved: C:\codex\test\am\pages\hk50.html
2026-05-16 21:45:13 [INFO] Start saving linked page: https://2025kj.zkclhb.com:2025/hk100.html
2026-05-16 21:45:13 [INFO] Linked page saved: C:\codex\test\am\pages\hk100.html
2026-05-16 21:45:13 [INFO] Start saving linked page: https://2025kj.zkclhb.com:2025/hk200.html
2026-05-16 21:45:13 [INFO] Linked page saved: C:\codex\test\am\pages\hk200.html
2026-05-16 21:45:13 [INFO] Start saving linked page: https://2025kj.zkclhb.com:2025/20251.html
2026-05-16 21:45:13 [INFO] Linked page saved: C:\codex\test\am\pages\20251.html
2026-05-16 21:45:13 [INFO] Start saving linked page: https://2025kj.zkclhb.com:2025/20241.html
2026-05-16 21:45:13 [INFO] Linked page saved: C:\codex\test\am\pages\20241.html
2026-05-16 21:45:13 [INFO] Start saving linked page: https://2025kj.zkclhb.com:2025/20231.html
2026-05-16 21:45:14 [INFO] Linked page saved: C:\codex\test\am\pages\20231.html
2026-05-16 21:45:14 [INFO] Start saving linked page: https://2025kj.zkclhb.com:2025/20221.html
2026-05-16 21:45:14 [INFO] Linked page saved: C:\codex\test\am\pages\20221.html
2026-05-16 21:45:14 [INFO] Start saving linked page: https://2025kj.zkclhb.com:2025/20211.html
2026-05-16 21:45:14 [INFO] Linked page saved: C:\codex\test\am\pages\20211.html
2026-05-16 21:45:14 [INFO] Start saving linked page: https://2025kj.zkclhb.com:2025/20201.html
2026-05-16 21:45:14 [INFO] Linked page saved: C:\codex\test\am\pages\20201.html
2026-05-16 21:45:14 [INFO] Start saving linked page: https://2025kj.zkclhb.com:2025/am1.html
2026-05-16 21:45:14 [INFO] Linked page saved: C:\codex\test\am\pages\am1.html
2026-05-16 21:46:20 [INFO] Dashboard data refreshed
2026-05-16 21:46:20 [INFO] Fetch success: C:\codex\test\am\index.html
2026-05-17 21:45:02 [INFO] Start fetching: https://2025kj.zkclhb.com:2025/am.html
2026-05-17 21:45:03 [INFO] Start discovering linked page: https://2025kj.zkclhb.com:2025/hk.html
2026-05-17 21:45:03 [INFO] Start discovering linked page: https://2025kj.zkclhb.com:2025/am2.html
2026-05-17 21:45:03 [INFO] Start discovering linked page: https://2025kj.zkclhb.com:2025/am20.html
2026-05-17 21:45:03 [INFO] Start discovering linked page: https://2025kj.zkclhb.com:2025/am50.html
2026-05-17 21:45:03 [INFO] Start discovering linked page: https://2025kj.zkclhb.com:2025/am100.html
2026-05-17 21:45:04 [INFO] Start discovering linked page: https://2025kj.zkclhb.com:2025/am200.html
2026-05-17 21:45:04 [INFO] Start discovering linked page: https://2025kj.zkclhb.com:2025/2025.html
2026-05-17 21:45:04 [INFO] Start discovering linked page: https://2025kj.zkclhb.com:2025/2024.html
2026-05-17 21:45:05 [INFO] Start discovering linked page: https://2025kj.zkclhb.com:2025/2023.html
2026-05-17 21:45:05 [INFO] Start discovering linked page: https://2025kj.zkclhb.com:2025/2022.html
2026-05-17 21:45:06 [INFO] Start discovering linked page: https://2025kj.zkclhb.com:2025/2021.html
2026-05-17 21:45:06 [INFO] Start discovering linked page: https://2025kj.zkclhb.com:2025/2020.html
2026-05-17 21:45:06 [INFO] Start discovering linked page: https://2025kj.zkclhb.com:2025/hk1.html
2026-05-17 21:45:07 [INFO] Start discovering linked page: https://2025kj.zkclhb.com:2025/hk2.html
2026-05-17 21:45:07 [INFO] Start discovering linked page: https://2025kj.zkclhb.com:2025/hk20.html
2026-05-17 21:45:07 [INFO] Start discovering linked page: https://2025kj.zkclhb.com:2025/hk50.html
2026-05-17 21:45:07 [INFO] Start discovering linked page: https://2025kj.zkclhb.com:2025/hk100.html
2026-05-17 21:45:07 [INFO] Start discovering linked page: https://2025kj.zkclhb.com:2025/hk200.html
2026-05-17 21:45:08 [INFO] Start discovering linked page: https://2025kj.zkclhb.com:2025/20251.html
2026-05-17 21:45:08 [INFO] Start discovering linked page: https://2025kj.zkclhb.com:2025/20241.html
2026-05-17 21:45:08 [INFO] Start discovering linked page: https://2025kj.zkclhb.com:2025/20231.html
2026-05-17 21:45:09 [INFO] Start discovering linked page: https://2025kj.zkclhb.com:2025/20221.html
2026-05-17 21:45:09 [INFO] Start discovering linked page: https://2025kj.zkclhb.com:2025/20211.html
2026-05-17 21:45:09 [INFO] Start discovering linked page: https://2025kj.zkclhb.com:2025/20201.html
2026-05-17 21:45:09 [INFO] Start discovering linked page: https://2025kj.zkclhb.com:2025/am1.html
2026-05-17 21:45:10 [INFO] Start saving linked page: https://2025kj.zkclhb.com:2025/hk.html
2026-05-17 21:45:10 [INFO] Linked page saved: C:\codex\test\am\pages\hk.html
2026-05-17 21:45:10 [INFO] Start saving linked page: https://2025kj.zkclhb.com:2025/am2.html
2026-05-17 21:45:11 [INFO] Linked page saved: C:\codex\test\am\pages\am2.html
2026-05-17 21:45:11 [INFO] Start saving linked page: https://2025kj.zkclhb.com:2025/am20.html
2026-05-17 21:45:11 [INFO] Linked page saved: C:\codex\test\am\pages\am20.html
2026-05-17 21:45:11 [INFO] Start saving linked page: https://2025kj.zkclhb.com:2025/am50.html
2026-05-17 21:45:11 [INFO] Linked page saved: C:\codex\test\am\pages\am50.html
2026-05-17 21:45:11 [INFO] Start saving linked page: https://2025kj.zkclhb.com:2025/am100.html
2026-05-17 21:45:11 [INFO] Linked page saved: C:\codex\test\am\pages\am100.html
2026-05-17 21:45:11 [INFO] Start saving linked page: https://2025kj.zkclhb.com:2025/am200.html
2026-05-17 21:45:11 [INFO] Linked page saved: C:\codex\test\am\pages\am200.html
2026-05-17 21:45:11 [INFO] Start saving linked page: https://2025kj.zkclhb.com:2025/2025.html
2026-05-17 21:45:12 [INFO] Linked page saved: C:\codex\test\am\pages\2025.html
2026-05-17 21:45:12 [INFO] Start saving linked page: https://2025kj.zkclhb.com:2025/2024.html
2026-05-17 21:45:12 [INFO] Linked page saved: C:\codex\test\am\pages\2024.html
2026-05-17 21:45:12 [INFO] Start saving linked page: https://2025kj.zkclhb.com:2025/2023.html
2026-05-17 21:45:12 [INFO] Linked page saved: C:\codex\test\am\pages\2023.html
2026-05-17 21:45:12 [INFO] Start saving linked page: https://2025kj.zkclhb.com:2025/2022.html
2026-05-17 21:45:12 [INFO] Linked page saved: C:\codex\test\am\pages\2022.html
2026-05-17 21:45:12 [INFO] Start saving linked page: https://2025kj.zkclhb.com:2025/2021.html
2026-05-17 21:45:12 [INFO] Linked page saved: C:\codex\test\am\pages\2021.html
2026-05-17 21:45:12 [INFO] Start saving linked page: https://2025kj.zkclhb.com:2025/2020.html
2026-05-17 21:45:13 [INFO] Linked page saved: C:\codex\test\am\pages\2020.html
2026-05-17 21:45:13 [INFO] Start saving linked page: https://2025kj.zkclhb.com:2025/hk1.html
2026-05-17 21:45:13 [INFO] Linked page saved: C:\codex\test\am\pages\hk1.html
2026-05-17 21:45:13 [INFO] Start saving linked page: https://2025kj.zkclhb.com:2025/hk2.html
2026-05-17 21:45:13 [INFO] Linked page saved: C:\codex\test\am\pages\hk2.html
2026-05-17 21:45:13 [INFO] Start saving linked page: https://2025kj.zkclhb.com:2025/hk20.html
2026-05-17 21:45:13 [INFO] Linked page saved: C:\codex\test\am\pages\hk20.html
2026-05-17 21:45:13 [INFO] Start saving linked page: https://2025kj.zkclhb.com:2025/hk50.html
2026-05-17 21:45:13 [INFO] Linked page saved: C:\codex\test\am\pages\hk50.html
2026-05-17 21:45:13 [INFO] Start saving linked page: https://2025kj.zkclhb.com:2025/hk100.html
2026-05-17 21:45:13 [INFO] Linked page saved: C:\codex\test\am\pages\hk100.html
2026-05-17 21:45:13 [INFO] Start saving linked page: https://2025kj.zkclhb.com:2025/hk200.html
2026-05-17 21:45:14 [INFO] Linked page saved: C:\codex\test\am\pages\hk200.html
2026-05-17 21:45:14 [INFO] Start saving linked page: https://2025kj.zkclhb.com:2025/20251.html
2026-05-17 21:45:14 [INFO] Linked page saved: C:\codex\test\am\pages\20251.html
2026-05-17 21:45:14 [INFO] Start saving linked page: https://2025kj.zkclhb.com:2025/20241.html
2026-05-17 21:45:14 [INFO] Linked page saved: C:\codex\test\am\pages\20241.html
2026-05-17 21:45:14 [INFO] Start saving linked page: https://2025kj.zkclhb.com:2025/20231.html
2026-05-17 21:45:14 [INFO] Linked page saved: C:\codex\test\am\pages\20231.html
2026-05-17 21:45:14 [INFO] Start saving linked page: https://2025kj.zkclhb.com:2025/20221.html
2026-05-17 21:45:14 [INFO] Linked page saved: C:\codex\test\am\pages\20221.html
2026-05-17 21:45:14 [INFO] Start saving linked page: https://2025kj.zkclhb.com:2025/20211.html
2026-05-17 21:45:15 [INFO] Linked page saved: C:\codex\test\am\pages\20211.html
2026-05-17 21:45:15 [INFO] Start saving linked page: https://2025kj.zkclhb.com:2025/20201.html
2026-05-17 21:45:15 [INFO] Linked page saved: C:\codex\test\am\pages\20201.html
2026-05-17 21:45:15 [INFO] Start saving linked page: https://2025kj.zkclhb.com:2025/am1.html
2026-05-17 21:45:15 [INFO] Linked page saved: C:\codex\test\am\pages\am1.html
2026-05-17 21:46:06 [INFO] Dashboard data refreshed
2026-05-17 21:46:06 [INFO] Fetch success: C:\codex\test\am\index.html
2026-05-18 21:45:02 [INFO] Start fetching: https://2025kj.zkclhb.com:2025/am.html
2026-05-18 21:45:02 [INFO] Start discovering linked page: https://2025kj.zkclhb.com:2025/hk.html
2026-05-18 21:45:03 [INFO] Start discovering linked page: https://2025kj.zkclhb.com:2025/am2.html
2026-05-18 21:45:03 [INFO] Start discovering linked page: https://2025kj.zkclhb.com:2025/am20.html
2026-05-18 21:45:03 [INFO] Start discovering linked page: https://2025kj.zkclhb.com:2025/am50.html
2026-05-18 21:45:03 [INFO] Start discovering linked page: https://2025kj.zkclhb.com:2025/am100.html
2026-05-18 21:45:04 [INFO] Start discovering linked page: https://2025kj.zkclhb.com:2025/am200.html
2026-05-18 21:45:04 [INFO] Start discovering linked page: https://2025kj.zkclhb.com:2025/2025.html
2026-05-18 21:45:04 [INFO] Start discovering linked page: https://2025kj.zkclhb.com:2025/2024.html
2026-05-18 21:45:05 [INFO] Start discovering linked page: https://2025kj.zkclhb.com:2025/2023.html
2026-05-18 21:45:05 [INFO] Start discovering linked page: https://2025kj.zkclhb.com:2025/2022.html
2026-05-18 21:45:05 [INFO] Start discovering linked page: https://2025kj.zkclhb.com:2025/2021.html
2026-05-18 21:45:06 [INFO] Start discovering linked page: https://2025kj.zkclhb.com:2025/2020.html
2026-05-18 21:45:06 [INFO] Start discovering linked page: https://2025kj.zkclhb.com:2025/hk1.html
2026-05-18 21:45:07 [INFO] Start discovering linked page: https://2025kj.zkclhb.com:2025/hk2.html
2026-05-18 21:45:07 [INFO] Start discovering linked page: https://2025kj.zkclhb.com:2025/hk20.html
2026-05-18 21:45:07 [INFO] Start discovering linked page: https://2025kj.zkclhb.com:2025/hk50.html
2026-05-18 21:45:07 [INFO] Start discovering linked page: https://2025kj.zkclhb.com:2025/hk100.html
2026-05-18 21:45:08 [INFO] Start discovering linked page: https://2025kj.zkclhb.com:2025/hk200.html
2026-05-18 21:45:08 [INFO] Start discovering linked page: https://2025kj.zkclhb.com:2025/20251.html
2026-05-18 21:45:08 [INFO] Start discovering linked page: https://2025kj.zkclhb.com:2025/20241.html
2026-05-18 21:45:09 [INFO] Start discovering linked page: https://2025kj.zkclhb.com:2025/20231.html
2026-05-18 21:45:09 [INFO] Start discovering linked page: https://2025kj.zkclhb.com:2025/20221.html
2026-05-18 21:45:10 [INFO] Start discovering linked page: https://2025kj.zkclhb.com:2025/20211.html
2026-05-18 21:45:10 [INFO] Start discovering linked page: https://2025kj.zkclhb.com:2025/20201.html
2026-05-18 21:45:10 [INFO] Start discovering linked page: https://2025kj.zkclhb.com:2025/am1.html
2026-05-18 21:45:11 [INFO] Start saving linked page: https://2025kj.zkclhb.com:2025/hk.html
2026-05-18 21:45:11 [INFO] Linked page saved: C:\codex\test\am\pages\hk.html
2026-05-18 21:45:11 [INFO] Start saving linked page: https://2025kj.zkclhb.com:2025/am2.html
2026-05-18 21:45:11 [INFO] Linked page saved: C:\codex\test\am\pages\am2.html
2026-05-18 21:45:11 [INFO] Start saving linked page: https://2025kj.zkclhb.com:2025/am20.html
2026-05-18 21:45:12 [INFO] Linked page saved: C:\codex\test\am\pages\am20.html
2026-05-18 21:45:12 [INFO] Start saving linked page: https://2025kj.zkclhb.com:2025/am50.html
2026-05-18 21:45:12 [INFO] Linked page saved: C:\codex\test\am\pages\am50.html
2026-05-18 21:45:12 [INFO] Start saving linked page: https://2025kj.zkclhb.com:2025/am100.html
2026-05-18 21:45:12 [INFO] Linked page saved: C:\codex\test\am\pages\am100.html
2026-05-18 21:45:12 [INFO] Start saving linked page: https://2025kj.zkclhb.com:2025/am200.html
2026-05-18 21:45:12 [INFO] Linked page saved: C:\codex\test\am\pages\am200.html
2026-05-18 21:45:12 [INFO] Start saving linked page: https://2025kj.zkclhb.com:2025/2025.html
2026-05-18 21:45:13 [INFO] Linked page saved: C:\codex\test\am\pages\2025.html
2026-05-18 21:45:13 [INFO] Start saving linked page: https://2025kj.zkclhb.com:2025/2024.html
2026-05-18 21:45:13 [INFO] Linked page saved: C:\codex\test\am\pages\2024.html
2026-05-18 21:45:13 [INFO] Start saving linked page: https://2025kj.zkclhb.com:2025/2023.html
2026-05-18 21:45:13 [INFO] Linked page saved: C:\codex\test\am\pages\2023.html
2026-05-18 21:45:13 [INFO] Start saving linked page: https://2025kj.zkclhb.com:2025/2022.html
2026-05-18 21:45:13 [INFO] Linked page saved: C:\codex\test\am\pages\2022.html
2026-05-18 21:45:13 [INFO] Start saving linked page: https://2025kj.zkclhb.com:2025/2021.html
2026-05-18 21:45:14 [INFO] Linked page saved: C:\codex\test\am\pages\2021.html
2026-05-18 21:45:14 [INFO] Start saving linked page: https://2025kj.zkclhb.com:2025/2020.html
2026-05-18 21:45:14 [INFO] Linked page saved: C:\codex\test\am\pages\2020.html
2026-05-18 21:45:14 [INFO] Start saving linked page: https://2025kj.zkclhb.com:2025/hk1.html
2026-05-18 21:45:14 [INFO] Linked page saved: C:\codex\test\am\pages\hk1.html
2026-05-18 21:45:14 [INFO] Start saving linked page: https://2025kj.zkclhb.com:2025/hk2.html
2026-05-18 21:45:14 [INFO] Linked page saved: C:\codex\test\am\pages\hk2.html
2026-05-18 21:45:14 [INFO] Start saving linked page: https://2025kj.zkclhb.com:2025/hk20.html
2026-05-18 21:45:14 [INFO] Linked page saved: C:\codex\test\am\pages\hk20.html
2026-05-18 21:45:14 [INFO] Start saving linked page: https://2025kj.zkclhb.com:2025/hk50.html
2026-05-18 21:45:15 [INFO] Linked page saved: C:\codex\test\am\pages\hk50.html
2026-05-18 21:45:15 [INFO] Start saving linked page: https://2025kj.zkclhb.com:2025/hk100.html
2026-05-18 21:45:15 [INFO] Linked page saved: C:\codex\test\am\pages\hk100.html
2026-05-18 21:45:15 [INFO] Start saving linked page: https://2025kj.zkclhb.com:2025/hk200.html
2026-05-18 21:45:15 [INFO] Linked page saved: C:\codex\test\am\pages\hk200.html
2026-05-18 21:45:15 [INFO] Start saving linked page: https://2025kj.zkclhb.com:2025/20251.html
2026-05-18 21:45:15 [INFO] Linked page saved: C:\codex\test\am\pages\20251.html
2026-05-18 21:45:15 [INFO] Start saving linked page: https://2025kj.zkclhb.com:2025/20241.html
2026-05-18 21:45:16 [INFO] Linked page saved: C:\codex\test\am\pages\20241.html
2026-05-18 21:45:16 [INFO] Start saving linked page: https://2025kj.zkclhb.com:2025/20231.html
2026-05-18 21:45:16 [INFO] Linked page saved: C:\codex\test\am\pages\20231.html
2026-05-18 21:45:16 [INFO] Start saving linked page: https://2025kj.zkclhb.com:2025/20221.html
2026-05-18 21:45:16 [INFO] Linked page saved: C:\codex\test\am\pages\20221.html
2026-05-18 21:45:16 [INFO] Start saving linked page: https://2025kj.zkclhb.com:2025/20211.html
2026-05-18 21:45:16 [INFO] Linked page saved: C:\codex\test\am\pages\20211.html
2026-05-18 21:45:16 [INFO] Start saving linked page: https://2025kj.zkclhb.com:2025/20201.html
2026-05-18 21:45:17 [INFO] Linked page saved: C:\codex\test\am\pages\20201.html
2026-05-18 21:45:17 [INFO] Start saving linked page: https://2025kj.zkclhb.com:2025/am1.html
2026-05-18 21:45:17 [INFO] Linked page saved: C:\codex\test\am\pages\am1.html
2026-05-18 21:46:08 [INFO] Dashboard data refreshed
2026-05-18 21:46:08 [INFO] Fetch success: C:\codex\test\am\index.html
2026-05-19 21:45:02 [INFO] Start fetching: https://2025kj.zkclhb.com:2025/am.html
2026-05-19 21:45:03 [INFO] Start discovering linked page: https://2025kj.zkclhb.com:2025/hk.html
2026-05-19 21:45:03 [INFO] Start discovering linked page: https://2025kj.zkclhb.com:2025/am2.html
2026-05-19 21:45:03 [INFO] Start discovering linked page: https://2025kj.zkclhb.com:2025/am20.html
2026-05-19 21:45:03 [INFO] Start discovering linked page: https://2025kj.zkclhb.com:2025/am50.html
2026-05-19 21:45:04 [INFO] Start discovering linked page: https://2025kj.zkclhb.com:2025/am100.html
2026-05-19 21:45:04 [INFO] Start discovering linked page: https://2025kj.zkclhb.com:2025/am200.html
2026-05-19 21:45:04 [INFO] Start discovering linked page: https://2025kj.zkclhb.com:2025/2025.html
2026-05-19 21:45:05 [INFO] Start discovering linked page: https://2025kj.zkclhb.com:2025/2024.html
2026-05-19 21:45:05 [INFO] Start discovering linked page: https://2025kj.zkclhb.com:2025/2023.html
2026-05-19 21:45:05 [INFO] Start discovering linked page: https://2025kj.zkclhb.com:2025/2022.html
2026-05-19 21:45:06 [INFO] Start discovering linked page: https://2025kj.zkclhb.com:2025/2021.html
2026-05-19 21:45:06 [INFO] Start discovering linked page: https://2025kj.zkclhb.com:2025/2020.html
2026-05-19 21:45:07 [INFO] Start discovering linked page: https://2025kj.zkclhb.com:2025/hk1.html
2026-05-19 21:45:07 [INFO] Start discovering linked page: https://2025kj.zkclhb.com:2025/hk2.html
2026-05-19 21:45:07 [INFO] Start discovering linked page: https://2025kj.zkclhb.com:2025/hk20.html
2026-05-19 21:45:07 [INFO] Start discovering linked page: https://2025kj.zkclhb.com:2025/hk50.html
2026-05-19 21:45:07 [INFO] Start discovering linked page: https://2025kj.zkclhb.com:2025/hk100.html
2026-05-19 21:45:08 [INFO] Start discovering linked page: https://2025kj.zkclhb.com:2025/hk200.html
2026-05-19 21:45:08 [INFO] Start discovering linked page: https://2025kj.zkclhb.com:2025/20251.html
2026-05-19 21:45:08 [INFO] Start discovering linked page: https://2025kj.zkclhb.com:2025/20241.html
2026-05-19 21:45:08 [INFO] Start discovering linked page: https://2025kj.zkclhb.com:2025/20231.html
2026-05-19 21:45:09 [INFO] Start discovering linked page: https://2025kj.zkclhb.com:2025/20221.html
2026-05-19 21:45:09 [INFO] Start discovering linked page: https://2025kj.zkclhb.com:2025/20211.html
2026-05-19 21:45:09 [INFO] Start discovering linked page: https://2025kj.zkclhb.com:2025/20201.html
2026-05-19 21:45:10 [INFO] Start discovering linked page: https://2025kj.zkclhb.com:2025/am1.html
2026-05-19 21:45:10 [INFO] Start saving linked page: https://2025kj.zkclhb.com:2025/hk.html
2026-05-19 21:45:11 [INFO] Linked page saved: C:\codex\test\am\pages\hk.html
2026-05-19 21:45:11 [INFO] Start saving linked page: https://2025kj.zkclhb.com:2025/am2.html
2026-05-19 21:45:11 [INFO] Linked page saved: C:\codex\test\am\pages\am2.html
2026-05-19 21:45:11 [INFO] Start saving linked page: https://2025kj.zkclhb.com:2025/am20.html
2026-05-19 21:45:11 [INFO] Linked page saved: C:\codex\test\am\pages\am20.html
2026-05-19 21:45:11 [INFO] Start saving linked page: https://2025kj.zkclhb.com:2025/am50.html
2026-05-19 21:45:11 [INFO] Linked page saved: C:\codex\test\am\pages\am50.html
2026-05-19 21:45:11 [INFO] Start saving linked page: https://2025kj.zkclhb.com:2025/am100.html
2026-05-19 21:45:11 [INFO] Linked page saved: C:\codex\test\am\pages\am100.html
2026-05-19 21:45:11 [INFO] Start saving linked page: https://2025kj.zkclhb.com:2025/am200.html
2026-05-19 21:45:12 [INFO] Linked page saved: C:\codex\test\am\pages\am200.html
2026-05-19 21:45:12 [INFO] Start saving linked page: https://2025kj.zkclhb.com:2025/2025.html
2026-05-19 21:45:12 [INFO] Linked page saved: C:\codex\test\am\pages\2025.html
2026-05-19 21:45:12 [INFO] Start saving linked page: https://2025kj.zkclhb.com:2025/2024.html
2026-05-19 21:45:12 [INFO] Linked page saved: C:\codex\test\am\pages\2024.html
2026-05-19 21:45:12 [INFO] Start saving linked page: https://2025kj.zkclhb.com:2025/2023.html
2026-05-19 21:45:12 [INFO] Linked page saved: C:\codex\test\am\pages\2023.html
2026-05-19 21:45:12 [INFO] Start saving linked page: https://2025kj.zkclhb.com:2025/2022.html
2026-05-19 21:45:12 [INFO] Linked page saved: C:\codex\test\am\pages\2022.html
2026-05-19 21:45:12 [INFO] Start saving linked page: https://2025kj.zkclhb.com:2025/2021.html
2026-05-19 21:45:13 [INFO] Linked page saved: C:\codex\test\am\pages\2021.html
2026-05-19 21:45:13 [INFO] Start saving linked page: https://2025kj.zkclhb.com:2025/2020.html
2026-05-19 21:45:13 [INFO] Linked page saved: C:\codex\test\am\pages\2020.html
2026-05-19 21:45:13 [INFO] Start saving linked page: https://2025kj.zkclhb.com:2025/hk1.html
2026-05-19 21:45:13 [INFO] Linked page saved: C:\codex\test\am\pages\hk1.html
2026-05-19 21:45:13 [INFO] Start saving linked page: https://2025kj.zkclhb.com:2025/hk2.html
2026-05-19 21:45:13 [INFO] Linked page saved: C:\codex\test\am\pages\hk2.html
2026-05-19 21:45:13 [INFO] Start saving linked page: https://2025kj.zkclhb.com:2025/hk20.html
2026-05-19 21:45:13 [INFO] Linked page saved: C:\codex\test\am\pages\hk20.html
2026-05-19 21:45:13 [INFO] Start saving linked page: https://2025kj.zkclhb.com:2025/hk50.html
2026-05-19 21:45:14 [INFO] Linked page saved: C:\codex\test\am\pages\hk50.html
2026-05-19 21:45:14 [INFO] Start saving linked page: https://2025kj.zkclhb.com:2025/hk100.html
2026-05-19 21:45:14 [INFO] Linked page saved: C:\codex\test\am\pages\hk100.html
2026-05-19 21:45:14 [INFO] Start saving linked page: https://2025kj.zkclhb.com:2025/hk200.html
2026-05-19 21:45:14 [INFO] Linked page saved: C:\codex\test\am\pages\hk200.html
2026-05-19 21:45:14 [INFO] Start saving linked page: https://2025kj.zkclhb.com:2025/20251.html
2026-05-19 21:45:14 [INFO] Linked page saved: C:\codex\test\am\pages\20251.html
2026-05-19 21:45:14 [INFO] Start saving linked page: https://2025kj.zkclhb.com:2025/20241.html
2026-05-19 21:45:15 [INFO] Linked page saved: C:\codex\test\am\pages\20241.html
2026-05-19 21:45:15 [INFO] Start saving linked page: https://2025kj.zkclhb.com:2025/20231.html
2026-05-19 21:45:15 [INFO] Linked page saved: C:\codex\test\am\pages\20231.html
2026-05-19 21:45:15 [INFO] Start saving linked page: https://2025kj.zkclhb.com:2025/20221.html
2026-05-19 21:45:15 [INFO] Linked page saved: C:\codex\test\am\pages\20221.html
2026-05-19 21:45:15 [INFO] Start saving linked page: https://2025kj.zkclhb.com:2025/20211.html
2026-05-19 21:45:15 [INFO] Linked page saved: C:\codex\test\am\pages\20211.html
2026-05-19 21:45:16 [INFO] Start saving linked page: https://2025kj.zkclhb.com:2025/20201.html
2026-05-19 21:45:16 [INFO] Linked page saved: C:\codex\test\am\pages\20201.html
2026-05-19 21:45:16 [INFO] Start saving linked page: https://2025kj.zkclhb.com:2025/am1.html
2026-05-19 21:45:16 [INFO] Linked page saved: C:\codex\test\am\pages\am1.html
2026-05-19 21:46:11 [INFO] Dashboard data refreshed
2026-05-19 21:46:11 [INFO] Fetch success: C:\codex\test\am\index.html
2026-05-20 21:45:02 [INFO] Start fetching: https://2025kj.zkclhb.com:2025/am.html
2026-05-20 21:45:02 [INFO] Start discovering linked page: https://2025kj.zkclhb.com:2025/hk.html
2026-05-20 21:45:02 [INFO] Start discovering linked page: https://2025kj.zkclhb.com:2025/am2.html
2026-05-20 21:45:03 [INFO] Start discovering linked page: https://2025kj.zkclhb.com:2025/am20.html
2026-05-20 21:45:03 [INFO] Start discovering linked page: https://2025kj.zkclhb.com:2025/am50.html
2026-05-20 21:45:03 [INFO] Start discovering linked page: https://2025kj.zkclhb.com:2025/am100.html
2026-05-20 21:45:03 [INFO] Start discovering linked page: https://2025kj.zkclhb.com:2025/am200.html
2026-05-20 21:45:04 [INFO] Start discovering linked page: https://2025kj.zkclhb.com:2025/2025.html
2026-05-20 21:45:04 [INFO] Start discovering linked page: https://2025kj.zkclhb.com:2025/2024.html
2026-05-20 21:45:04 [INFO] Start discovering linked page: https://2025kj.zkclhb.com:2025/2023.html
2026-05-20 21:45:05 [INFO] Start discovering linked page: https://2025kj.zkclhb.com:2025/2022.html
2026-05-20 21:45:05 [INFO] Start discovering linked page: https://2025kj.zkclhb.com:2025/2021.html
2026-05-20 21:45:06 [INFO] Start discovering linked page: https://2025kj.zkclhb.com:2025/2020.html
2026-05-20 21:45:06 [INFO] Start discovering linked page: https://2025kj.zkclhb.com:2025/hk1.html
2026-05-20 21:45:06 [INFO] Start discovering linked page: https://2025kj.zkclhb.com:2025/hk2.html
2026-05-20 21:45:06 [INFO] Start discovering linked page: https://2025kj.zkclhb.com:2025/hk20.html
2026-05-20 21:45:06 [INFO] Start discovering linked page: https://2025kj.zkclhb.com:2025/hk50.html
2026-05-20 21:45:07 [INFO] Start discovering linked page: https://2025kj.zkclhb.com:2025/hk100.html
2026-05-20 21:45:07 [INFO] Start discovering linked page: https://2025kj.zkclhb.com:2025/hk200.html
2026-05-20 21:45:07 [INFO] Start discovering linked page: https://2025kj.zkclhb.com:2025/20251.html
2026-05-20 21:45:08 [INFO] Start discovering linked page: https://2025kj.zkclhb.com:2025/20241.html
2026-05-20 21:45:08 [INFO] Start discovering linked page: https://2025kj.zkclhb.com:2025/20231.html
2026-05-20 21:45:08 [INFO] Start discovering linked page: https://2025kj.zkclhb.com:2025/20221.html
2026-05-20 21:45:08 [INFO] Start discovering linked page: https://2025kj.zkclhb.com:2025/20211.html
2026-05-20 21:45:09 [INFO] Start discovering linked page: https://2025kj.zkclhb.com:2025/20201.html
2026-05-20 21:45:09 [INFO] Start discovering linked page: https://2025kj.zkclhb.com:2025/am1.html
2026-05-20 21:45:10 [INFO] Start saving linked page: https://2025kj.zkclhb.com:2025/hk.html
2026-05-20 21:45:10 [INFO] Linked page saved: C:\codex\test\am\pages\hk.html
2026-05-20 21:45:10 [INFO] Start saving linked page: https://2025kj.zkclhb.com:2025/am2.html
2026-05-20 21:45:10 [INFO] Linked page saved: C:\codex\test\am\pages\am2.html
2026-05-20 21:45:10 [INFO] Start saving linked page: https://2025kj.zkclhb.com:2025/am20.html
2026-05-20 21:45:10 [INFO] Linked page saved: C:\codex\test\am\pages\am20.html
2026-05-20 21:45:10 [INFO] Start saving linked page: https://2025kj.zkclhb.com:2025/am50.html
2026-05-20 21:45:11 [INFO] Linked page saved: C:\codex\test\am\pages\am50.html
2026-05-20 21:45:11 [INFO] Start saving linked page: https://2025kj.zkclhb.com:2025/am100.html
2026-05-20 21:45:11 [INFO] Linked page saved: C:\codex\test\am\pages\am100.html
2026-05-20 21:45:11 [INFO] Start saving linked page: https://2025kj.zkclhb.com:2025/am200.html
2026-05-20 21:45:11 [INFO] Linked page saved: C:\codex\test\am\pages\am200.html
2026-05-20 21:45:11 [INFO] Start saving linked page: https://2025kj.zkclhb.com:2025/2025.html
2026-05-20 21:45:11 [INFO] Linked page saved: C:\codex\test\am\pages\2025.html
2026-05-20 21:45:11 [INFO] Start saving linked page: https://2025kj.zkclhb.com:2025/2024.html
2026-05-20 21:45:11 [INFO] Linked page saved: C:\codex\test\am\pages\2024.html
2026-05-20 21:45:11 [INFO] Start saving linked page: https://2025kj.zkclhb.com:2025/2023.html
2026-05-20 21:45:12 [INFO] Linked page saved: C:\codex\test\am\pages\2023.html
2026-05-20 21:45:12 [INFO] Start saving linked page: https://2025kj.zkclhb.com:2025/2022.html
2026-05-20 21:45:12 [INFO] Linked page saved: C:\codex\test\am\pages\2022.html
2026-05-20 21:45:12 [INFO] Start saving linked page: https://2025kj.zkclhb.com:2025/2021.html
2026-05-20 21:45:12 [INFO] Linked page saved: C:\codex\test\am\pages\2021.html
2026-05-20 21:45:12 [INFO] Start saving linked page: https://2025kj.zkclhb.com:2025/2020.html
2026-05-20 21:45:12 [INFO] Linked page saved: C:\codex\test\am\pages\2020.html
2026-05-20 21:45:12 [INFO] Start saving linked page: https://2025kj.zkclhb.com:2025/hk1.html
2026-05-20 21:45:12 [INFO] Linked page saved: C:\codex\test\am\pages\hk1.html
2026-05-20 21:45:12 [INFO] Start saving linked page: https://2025kj.zkclhb.com:2025/hk2.html
2026-05-20 21:45:12 [INFO] Linked page saved: C:\codex\test\am\pages\hk2.html
2026-05-20 21:45:13 [INFO] Start saving linked page: https://2025kj.zkclhb.com:2025/hk20.html
2026-05-20 21:45:13 [INFO] Linked page saved: C:\codex\test\am\pages\hk20.html
2026-05-20 21:45:13 [INFO] Start saving linked page: https://2025kj.zkclhb.com:2025/hk50.html
2026-05-20 21:45:13 [INFO] Linked page saved: C:\codex\test\am\pages\hk50.html
2026-05-20 21:45:13 [INFO] Start saving linked page: https://2025kj.zkclhb.com:2025/hk100.html
2026-05-20 21:45:13 [INFO] Linked page saved: C:\codex\test\am\pages\hk100.html
2026-05-20 21:45:13 [INFO] Start saving linked page: https://2025kj.zkclhb.com:2025/hk200.html
2026-05-20 21:45:13 [INFO] Linked page saved: C:\codex\test\am\pages\hk200.html
2026-05-20 21:45:13 [INFO] Start saving linked page: https://2025kj.zkclhb.com:2025/20251.html
2026-05-20 21:45:13 [INFO] Linked page saved: C:\codex\test\am\pages\20251.html
2026-05-20 21:45:13 [INFO] Start saving linked page: https://2025kj.zkclhb.com:2025/20241.html
2026-05-20 21:45:14 [INFO] Linked page saved: C:\codex\test\am\pages\20241.html
2026-05-20 21:45:14 [INFO] Start saving linked page: https://2025kj.zkclhb.com:2025/20231.html
2026-05-20 21:45:14 [INFO] Linked page saved: C:\codex\test\am\pages\20231.html
2026-05-20 21:45:14 [INFO] Start saving linked page: https://2025kj.zkclhb.com:2025/20221.html
2026-05-20 21:45:14 [INFO] Linked page saved: C:\codex\test\am\pages\20221.html
2026-05-20 21:45:14 [INFO] Start saving linked page: https://2025kj.zkclhb.com:2025/20211.html
2026-05-20 21:45:14 [INFO] Linked page saved: C:\codex\test\am\pages\20211.html
2026-05-20 21:45:14 [INFO] Start saving linked page: https://2025kj.zkclhb.com:2025/20201.html
2026-05-20 21:45:14 [INFO] Linked page saved: C:\codex\test\am\pages\20201.html
2026-05-20 21:45:14 [INFO] Start saving linked page: https://2025kj.zkclhb.com:2025/am1.html
2026-05-20 21:45:15 [INFO] Linked page saved: C:\codex\test\am\pages\am1.html
2026-05-20 21:46:12 [INFO] Dashboard data refreshed
2026-05-20 21:46:12 [INFO] Fetch success: C:\codex\test\am\index.html
2026-05-21 21:45:02 [INFO] Start fetching: https://2025kj.zkclhb.com:2025/am.html
2026-05-21 21:45:02 [INFO] Start discovering linked page: https://2025kj.zkclhb.com:2025/hk.html
2026-05-21 21:45:02 [INFO] Start discovering linked page: https://2025kj.zkclhb.com:2025/am2.html
2026-05-21 21:45:03 [INFO] Start discovering linked page: https://2025kj.zkclhb.com:2025/am20.html
2026-05-21 21:45:03 [INFO] Start discovering linked page: https://2025kj.zkclhb.com:2025/am50.html
2026-05-21 21:45:03 [INFO] Start discovering linked page: https://2025kj.zkclhb.com:2025/am100.html
2026-05-21 21:45:03 [INFO] Start discovering linked page: https://2025kj.zkclhb.com:2025/am200.html
2026-05-21 21:45:04 [INFO] Start discovering linked page: https://2025kj.zkclhb.com:2025/2025.html
2026-05-21 21:45:04 [INFO] Start discovering linked page: https://2025kj.zkclhb.com:2025/2024.html
2026-05-21 21:45:04 [INFO] Start discovering linked page: https://2025kj.zkclhb.com:2025/2023.html
2026-05-21 21:45:05 [INFO] Start discovering linked page: https://2025kj.zkclhb.com:2025/2022.html
2026-05-21 21:45:05 [INFO] Start discovering linked page: https://2025kj.zkclhb.com:2025/2021.html
2026-05-21 21:45:05 [INFO] Start discovering linked page: https://2025kj.zkclhb.com:2025/2020.html
2026-05-21 21:45:06 [INFO] Start discovering linked page: https://2025kj.zkclhb.com:2025/hk1.html
2026-05-21 21:45:06 [INFO] Start discovering linked page: https://2025kj.zkclhb.com:2025/hk2.html
2026-05-21 21:45:06 [INFO] Start discovering linked page: https://2025kj.zkclhb.com:2025/hk20.html
2026-05-21 21:45:06 [INFO] Start discovering linked page: https://2025kj.zkclhb.com:2025/hk50.html
2026-05-21 21:45:07 [INFO] Start discovering linked page: https://2025kj.zkclhb.com:2025/hk100.html
2026-05-21 21:45:07 [INFO] Start discovering linked page: https://2025kj.zkclhb.com:2025/hk200.html
2026-05-21 21:45:07 [INFO] Start discovering linked page: https://2025kj.zkclhb.com:2025/20251.html
2026-05-21 21:45:07 [INFO] Start discovering linked page: https://2025kj.zkclhb.com:2025/20241.html
2026-05-21 21:45:08 [INFO] Start discovering linked page: https://2025kj.zkclhb.com:2025/20231.html
2026-05-21 21:45:08 [INFO] Start discovering linked page: https://2025kj.zkclhb.com:2025/20221.html
2026-05-21 21:45:08 [INFO] Start discovering linked page: https://2025kj.zkclhb.com:2025/20211.html
2026-05-21 21:45:09 [INFO] Start discovering linked page: https://2025kj.zkclhb.com:2025/20201.html
2026-05-21 21:45:09 [INFO] Start discovering linked page: https://2025kj.zkclhb.com:2025/am1.html
2026-05-21 21:45:10 [INFO] Start saving linked page: https://2025kj.zkclhb.com:2025/hk.html
2026-05-21 21:45:10 [INFO] Linked page saved: C:\codex\test\am\pages\hk.html
2026-05-21 21:45:10 [INFO] Start saving linked page: https://2025kj.zkclhb.com:2025/am2.html
2026-05-21 21:45:10 [INFO] Linked page saved: C:\codex\test\am\pages\am2.html
2026-05-21 21:45:10 [INFO] Start saving linked page: https://2025kj.zkclhb.com:2025/am20.html
2026-05-21 21:45:10 [INFO] Linked page saved: C:\codex\test\am\pages\am20.html
2026-05-21 21:45:10 [INFO] Start saving linked page: https://2025kj.zkclhb.com:2025/am50.html
2026-05-21 21:45:10 [INFO] Linked page saved: C:\codex\test\am\pages\am50.html
2026-05-21 21:45:10 [INFO] Start saving linked page: https://2025kj.zkclhb.com:2025/am100.html
2026-05-21 21:45:11 [INFO] Linked page saved: C:\codex\test\am\pages\am100.html
2026-05-21 21:45:11 [INFO] Start saving linked page: https://2025kj.zkclhb.com:2025/am200.html
2026-05-21 21:45:11 [INFO] Linked page saved: C:\codex\test\am\pages\am200.html
2026-05-21 21:45:11 [INFO] Start saving linked page: https://2025kj.zkclhb.com:2025/2025.html
2026-05-21 21:45:11 [INFO] Linked page saved: C:\codex\test\am\pages\2025.html
2026-05-21 21:45:11 [INFO] Start saving linked page: https://2025kj.zkclhb.com:2025/2024.html
2026-05-21 21:45:11 [INFO] Linked page saved: C:\codex\test\am\pages\2024.html
2026-05-21 21:45:11 [INFO] Start saving linked page: https://2025kj.zkclhb.com:2025/2023.html
2026-05-21 21:45:11 [INFO] Linked page saved: C:\codex\test\am\pages\2023.html
2026-05-21 21:45:11 [INFO] Start saving linked page: https://2025kj.zkclhb.com:2025/2022.html
2026-05-21 21:45:12 [INFO] Linked page saved: C:\codex\test\am\pages\2022.html
2026-05-21 21:45:12 [INFO] Start saving linked page: https://2025kj.zkclhb.com:2025/2021.html
2026-05-21 21:45:12 [INFO] Linked page saved: C:\codex\test\am\pages\2021.html
2026-05-21 21:45:12 [INFO] Start saving linked page: https://2025kj.zkclhb.com:2025/2020.html
2026-05-21 21:45:12 [INFO] Linked page saved: C:\codex\test\am\pages\2020.html
2026-05-21 21:45:12 [INFO] Start saving linked page: https://2025kj.zkclhb.com:2025/hk1.html
2026-05-21 21:45:12 [INFO] Linked page saved: C:\codex\test\am\pages\hk1.html
2026-05-21 21:45:12 [INFO] Start saving linked page: https://2025kj.zkclhb.com:2025/hk2.html
2026-05-21 21:45:12 [INFO] Linked page saved: C:\codex\test\am\pages\hk2.html
2026-05-21 21:45:12 [INFO] Start saving linked page: https://2025kj.zkclhb.com:2025/hk20.html
2026-05-21 21:45:12 [INFO] Linked page saved: C:\codex\test\am\pages\hk20.html
2026-05-21 21:45:12 [INFO] Start saving linked page: https://2025kj.zkclhb.com:2025/hk50.html
2026-05-21 21:45:13 [INFO] Linked page saved: C:\codex\test\am\pages\hk50.html
2026-05-21 21:45:13 [INFO] Start saving linked page: https://2025kj.zkclhb.com:2025/hk100.html
2026-05-21 21:45:13 [INFO] Linked page saved: C:\codex\test\am\pages\hk100.html
2026-05-21 21:45:13 [INFO] Start saving linked page: https://2025kj.zkclhb.com:2025/hk200.html
2026-05-21 21:45:13 [INFO] Linked page saved: C:\codex\test\am\pages\hk200.html
2026-05-21 21:45:13 [INFO] Start saving linked page: https://2025kj.zkclhb.com:2025/20251.html
2026-05-21 21:45:13 [INFO] Linked page saved: C:\codex\test\am\pages\20251.html
2026-05-21 21:45:13 [INFO] Start saving linked page: https://2025kj.zkclhb.com:2025/20241.html
2026-05-21 21:45:13 [INFO] Linked page saved: C:\codex\test\am\pages\20241.html
2026-05-21 21:45:13 [INFO] Start saving linked page: https://2025kj.zkclhb.com:2025/20231.html
2026-05-21 21:45:14 [INFO] Linked page saved: C:\codex\test\am\pages\20231.html
2026-05-21 21:45:14 [INFO] Start saving linked page: https://2025kj.zkclhb.com:2025/20221.html
2026-05-21 21:45:14 [INFO] Linked page saved: C:\codex\test\am\pages\20221.html
2026-05-21 21:45:14 [INFO] Start saving linked page: https://2025kj.zkclhb.com:2025/20211.html
2026-05-21 21:45:14 [INFO] Linked page saved: C:\codex\test\am\pages\20211.html
2026-05-21 21:45:14 [INFO] Start saving linked page: https://2025kj.zkclhb.com:2025/20201.html
2026-05-21 21:45:14 [INFO] Linked page saved: C:\codex\test\am\pages\20201.html
2026-05-21 21:45:14 [INFO] Start saving linked page: https://2025kj.zkclhb.com:2025/am1.html
2026-05-21 21:45:14 [INFO] Linked page saved: C:\codex\test\am\pages\am1.html
2026-05-21 21:46:24 [INFO] Dashboard data refreshed
2026-05-21 21:46:24 [INFO] Fetch success: C:\codex\test\am\index.html
2026-05-22 21:45:02 [INFO] Start fetching: https://2025kj.zkclhb.com:2025/am.html
2026-05-22 21:45:02 [INFO] Start discovering linked page: https://2025kj.zkclhb.com:2025/hk.html
2026-05-22 21:45:03 [INFO] Start discovering linked page: https://2025kj.zkclhb.com:2025/am2.html
2026-05-22 21:45:03 [INFO] Start discovering linked page: https://2025kj.zkclhb.com:2025/am20.html
2026-05-22 21:45:03 [INFO] Start discovering linked page: https://2025kj.zkclhb.com:2025/am50.html
2026-05-22 21:45:03 [INFO] Start discovering linked page: https://2025kj.zkclhb.com:2025/am100.html
2026-05-22 21:45:03 [INFO] Start discovering linked page: https://2025kj.zkclhb.com:2025/am200.html
2026-05-22 21:45:04 [INFO] Start discovering linked page: https://2025kj.zkclhb.com:2025/2025.html
2026-05-22 21:45:04 [INFO] Start discovering linked page: https://2025kj.zkclhb.com:2025/2024.html
2026-05-22 21:45:05 [INFO] Start discovering linked page: https://2025kj.zkclhb.com:2025/2023.html
2026-05-22 21:45:05 [INFO] Start discovering linked page: https://2025kj.zkclhb.com:2025/2022.html
2026-05-22 21:45:05 [INFO] Start discovering linked page: https://2025kj.zkclhb.com:2025/2021.html
2026-05-22 21:45:06 [INFO] Start discovering linked page: https://2025kj.zkclhb.com:2025/2020.html
2026-05-22 21:45:06 [INFO] Start discovering linked page: https://2025kj.zkclhb.com:2025/hk1.html
2026-05-22 21:45:06 [INFO] Start discovering linked page: https://2025kj.zkclhb.com:2025/hk2.html
2026-05-22 21:45:06 [INFO] Start discovering linked page: https://2025kj.zkclhb.com:2025/hk20.html
2026-05-22 21:45:07 [INFO] Start discovering linked page: https://2025kj.zkclhb.com:2025/hk50.html
2026-05-22 21:45:07 [INFO] Start discovering linked page: https://2025kj.zkclhb.com:2025/hk100.html
2026-05-22 21:45:07 [INFO] Start discovering linked page: https://2025kj.zkclhb.com:2025/hk200.html
2026-05-22 21:45:07 [INFO] Start discovering linked page: https://2025kj.zkclhb.com:2025/20251.html
2026-05-22 21:45:08 [INFO] Start discovering linked page: https://2025kj.zkclhb.com:2025/20241.html
2026-05-22 21:45:08 [INFO] Start discovering linked page: https://2025kj.zkclhb.com:2025/20231.html
2026-05-22 21:45:08 [INFO] Start discovering linked page: https://2025kj.zkclhb.com:2025/20221.html
2026-05-22 21:45:09 [INFO] Start discovering linked page: https://2025kj.zkclhb.com:2025/20211.html
2026-05-22 21:45:09 [INFO] Start discovering linked page: https://2025kj.zkclhb.com:2025/20201.html
2026-05-22 21:45:09 [INFO] Start discovering linked page: https://2025kj.zkclhb.com:2025/am1.html
2026-05-22 21:45:10 [INFO] Start saving linked page: https://2025kj.zkclhb.com:2025/hk.html
2026-05-22 21:45:10 [INFO] Linked page saved: C:\codex\test\am\pages\hk.html
2026-05-22 21:45:10 [INFO] Start saving linked page: https://2025kj.zkclhb.com:2025/am2.html
2026-05-22 21:45:10 [INFO] Linked page saved: C:\codex\test\am\pages\am2.html
2026-05-22 21:45:10 [INFO] Start saving linked page: https://2025kj.zkclhb.com:2025/am20.html
2026-05-22 21:45:11 [INFO] Linked page saved: C:\codex\test\am\pages\am20.html
2026-05-22 21:45:11 [INFO] Start saving linked page: https://2025kj.zkclhb.com:2025/am50.html
2026-05-22 21:45:11 [INFO] Linked page saved: C:\codex\test\am\pages\am50.html
2026-05-22 21:45:11 [INFO] Start saving linked page: https://2025kj.zkclhb.com:2025/am100.html
2026-05-22 21:45:11 [INFO] Linked page saved: C:\codex\test\am\pages\am100.html
2026-05-22 21:45:11 [INFO] Start saving linked page: https://2025kj.zkclhb.com:2025/am200.html
2026-05-22 21:45:11 [INFO] Linked page saved: C:\codex\test\am\pages\am200.html
2026-05-22 21:45:11 [INFO] Start saving linked page: https://2025kj.zkclhb.com:2025/2025.html
2026-05-22 21:45:11 [INFO] Linked page saved: C:\codex\test\am\pages\2025.html
2026-05-22 21:45:11 [INFO] Start saving linked page: https://2025kj.zkclhb.com:2025/2024.html
2026-05-22 21:45:11 [INFO] Linked page saved: C:\codex\test\am\pages\2024.html
2026-05-22 21:45:11 [INFO] Start saving linked page: https://2025kj.zkclhb.com:2025/2023.html
2026-05-22 21:45:12 [INFO] Linked page saved: C:\codex\test\am\pages\2023.html
2026-05-22 21:45:12 [INFO] Start saving linked page: https://2025kj.zkclhb.com:2025/2022.html
2026-05-22 21:45:12 [INFO] Linked page saved: C:\codex\test\am\pages\2022.html
2026-05-22 21:45:12 [INFO] Start saving linked page: https://2025kj.zkclhb.com:2025/2021.html
2026-05-22 21:45:12 [INFO] Linked page saved: C:\codex\test\am\pages\2021.html
2026-05-22 21:45:12 [INFO] Start saving linked page: https://2025kj.zkclhb.com:2025/2020.html
2026-05-22 21:45:12 [INFO] Linked page saved: C:\codex\test\am\pages\2020.html
2026-05-22 21:45:12 [INFO] Start saving linked page: https://2025kj.zkclhb.com:2025/hk1.html
2026-05-22 21:45:12 [INFO] Linked page saved: C:\codex\test\am\pages\hk1.html
2026-05-22 21:45:12 [INFO] Start saving linked page: https://2025kj.zkclhb.com:2025/hk2.html
2026-05-22 21:45:13 [INFO] Linked page saved: C:\codex\test\am\pages\hk2.html
2026-05-22 21:45:13 [INFO] Start saving linked page: https://2025kj.zkclhb.com:2025/hk20.html
2026-05-22 21:45:13 [INFO] Linked page saved: C:\codex\test\am\pages\hk20.html
2026-05-22 21:45:13 [INFO] Start saving linked page: https://2025kj.zkclhb.com:2025/hk50.html
2026-05-22 21:45:13 [INFO] Linked page saved: C:\codex\test\am\pages\hk50.html
2026-05-22 21:45:13 [INFO] Start saving linked page: https://2025kj.zkclhb.com:2025/hk100.html
2026-05-22 21:45:13 [INFO] Linked page saved: C:\codex\test\am\pages\hk100.html
2026-05-22 21:45:13 [INFO] Start saving linked page: https://2025kj.zkclhb.com:2025/hk200.html
2026-05-22 21:45:13 [INFO] Linked page saved: C:\codex\test\am\pages\hk200.html
2026-05-22 21:45:13 [INFO] Start saving linked page: https://2025kj.zkclhb.com:2025/20251.html
2026-05-22 21:45:14 [INFO] Linked page saved: C:\codex\test\am\pages\20251.html
2026-05-22 21:45:14 [INFO] Start saving linked page: https://2025kj.zkclhb.com:2025/20241.html
2026-05-22 21:45:14 [INFO] Linked page saved: C:\codex\test\am\pages\20241.html
2026-05-22 21:45:14 [INFO] Start saving linked page: https://2025kj.zkclhb.com:2025/20231.html
2026-05-22 21:45:14 [INFO] Linked page saved: C:\codex\test\am\pages\20231.html
2026-05-22 21:45:14 [INFO] Start saving linked page: https://2025kj.zkclhb.com:2025/20221.html
2026-05-22 21:45:14 [INFO] Linked page saved: C:\codex\test\am\pages\20221.html
2026-05-22 21:45:14 [INFO] Start saving linked page: https://2025kj.zkclhb.com:2025/20211.html
2026-05-22 21:45:14 [INFO] Linked page saved: C:\codex\test\am\pages\20211.html
2026-05-22 21:45:14 [INFO] Start saving linked page: https://2025kj.zkclhb.com:2025/20201.html
2026-05-22 21:45:14 [INFO] Linked page saved: C:\codex\test\am\pages\20201.html
2026-05-22 21:45:14 [INFO] Start saving linked page: https://2025kj.zkclhb.com:2025/am1.html
2026-05-22 21:45:15 [INFO] Linked page saved: C:\codex\test\am\pages\am1.html
2026-05-22 21:46:26 [INFO] Dashboard data refreshed
2026-05-22 21:46:26 [INFO] Fetch success: C:\codex\test\am\index.html
2026-05-23 21:45:02 [INFO] Start fetching: https://2025kj.zkclhb.com:2025/am.html
2026-05-23 21:45:02 [INFO] Start discovering linked page: https://2025kj.zkclhb.com:2025/hk.html
2026-05-23 21:45:02 [INFO] Start discovering linked page: https://2025kj.zkclhb.com:2025/am2.html
2026-05-23 21:45:03 [INFO] Start discovering linked page: https://2025kj.zkclhb.com:2025/am20.html
2026-05-23 21:45:03 [INFO] Start discovering linked page: https://2025kj.zkclhb.com:2025/am50.html
2026-05-23 21:45:03 [INFO] Start discovering linked page: https://2025kj.zkclhb.com:2025/am100.html
2026-05-23 21:45:03 [INFO] Start discovering linked page: https://2025kj.zkclhb.com:2025/am200.html
2026-05-23 21:45:04 [INFO] Start discovering linked page: https://2025kj.zkclhb.com:2025/2025.html
2026-05-23 21:45:04 [INFO] Start discovering linked page: https://2025kj.zkclhb.com:2025/2024.html
2026-05-23 21:45:04 [INFO] Start discovering linked page: https://2025kj.zkclhb.com:2025/2023.html
2026-05-23 21:45:05 [INFO] Start discovering linked page: https://2025kj.zkclhb.com:2025/2022.html
2026-05-23 21:45:05 [INFO] Start discovering linked page: https://2025kj.zkclhb.com:2025/2021.html
2026-05-23 21:45:06 [INFO] Start discovering linked page: https://2025kj.zkclhb.com:2025/2020.html
2026-05-23 21:45:06 [INFO] Start discovering linked page: https://2025kj.zkclhb.com:2025/hk1.html
2026-05-23 21:45:06 [INFO] Start discovering linked page: https://2025kj.zkclhb.com:2025/hk2.html
2026-05-23 21:45:07 [INFO] Start discovering linked page: https://2025kj.zkclhb.com:2025/hk20.html
2026-05-23 21:45:07 [INFO] Start discovering linked page: https://2025kj.zkclhb.com:2025/hk50.html
2026-05-23 21:45:07 [INFO] Start discovering linked page: https://2025kj.zkclhb.com:2025/hk100.html
2026-05-23 21:45:07 [INFO] Start discovering linked page: https://2025kj.zkclhb.com:2025/hk200.html
2026-05-23 21:45:07 [INFO] Start discovering linked page: https://2025kj.zkclhb.com:2025/20251.html
2026-05-23 21:45:08 [INFO] Start discovering linked page: https://2025kj.zkclhb.com:2025/20241.html
2026-05-23 21:45:08 [INFO] Start discovering linked page: https://2025kj.zkclhb.com:2025/20231.html
2026-05-23 21:45:08 [INFO] Start discovering linked page: https://2025kj.zkclhb.com:2025/20221.html
2026-05-23 21:45:09 [INFO] Start discovering linked page: https://2025kj.zkclhb.com:2025/20211.html
2026-05-23 21:45:09 [INFO] Start discovering linked page: https://2025kj.zkclhb.com:2025/20201.html
2026-05-23 21:45:09 [INFO] Start discovering linked page: https://2025kj.zkclhb.com:2025/am1.html
2026-05-23 21:45:10 [INFO] Start saving linked page: https://2025kj.zkclhb.com:2025/hk.html
2026-05-23 21:45:10 [INFO] Linked page saved: C:\codex\test\am\pages\hk.html
2026-05-23 21:45:10 [INFO] Start saving linked page: https://2025kj.zkclhb.com:2025/am2.html
2026-05-23 21:45:10 [INFO] Linked page saved: C:\codex\test\am\pages\am2.html
2026-05-23 21:45:10 [INFO] Start saving linked page: https://2025kj.zkclhb.com:2025/am20.html
2026-05-23 21:45:11 [INFO] Linked page saved: C:\codex\test\am\pages\am20.html
2026-05-23 21:45:11 [INFO] Start saving linked page: https://2025kj.zkclhb.com:2025/am50.html
2026-05-23 21:45:11 [INFO] Linked page saved: C:\codex\test\am\pages\am50.html
2026-05-23 21:45:11 [INFO] Start saving linked page: https://2025kj.zkclhb.com:2025/am100.html
2026-05-23 21:45:11 [INFO] Linked page saved: C:\codex\test\am\pages\am100.html
2026-05-23 21:45:11 [INFO] Start saving linked page: https://2025kj.zkclhb.com:2025/am200.html
2026-05-23 21:45:11 [INFO] Linked page saved: C:\codex\test\am\pages\am200.html
2026-05-23 21:45:11 [INFO] Start saving linked page: https://2025kj.zkclhb.com:2025/2025.html
2026-05-23 21:45:11 [INFO] Linked page saved: C:\codex\test\am\pages\2025.html
2026-05-23 21:45:11 [INFO] Start saving linked page: https://2025kj.zkclhb.com:2025/2024.html
2026-05-23 21:45:12 [INFO] Linked page saved: C:\codex\test\am\pages\2024.html
2026-05-23 21:45:12 [INFO] Start saving linked page: https://2025kj.zkclhb.com:2025/2023.html
2026-05-23 21:45:12 [INFO] Linked page saved: C:\codex\test\am\pages\2023.html
2026-05-23 21:45:12 [INFO] Start saving linked page: https://2025kj.zkclhb.com:2025/2022.html
2026-05-23 21:45:12 [INFO] Linked page saved: C:\codex\test\am\pages\2022.html
2026-05-23 21:45:12 [INFO] Start saving linked page: https://2025kj.zkclhb.com:2025/2021.html
2026-05-23 21:45:12 [INFO] Linked page saved: C:\codex\test\am\pages\2021.html
2026-05-23 21:45:12 [INFO] Start saving linked page: https://2025kj.zkclhb.com:2025/2020.html
2026-05-23 21:45:12 [INFO] Linked page saved: C:\codex\test\am\pages\2020.html
2026-05-23 21:45:12 [INFO] Start saving linked page: https://2025kj.zkclhb.com:2025/hk1.html
2026-05-23 21:45:13 [INFO] Linked page saved: C:\codex\test\am\pages\hk1.html
2026-05-23 21:45:13 [INFO] Start saving linked page: https://2025kj.zkclhb.com:2025/hk2.html
2026-05-23 21:45:13 [INFO] Linked page saved: C:\codex\test\am\pages\hk2.html
2026-05-23 21:45:13 [INFO] Start saving linked page: https://2025kj.zkclhb.com:2025/hk20.html
2026-05-23 21:45:13 [INFO] Linked page saved: C:\codex\test\am\pages\hk20.html
2026-05-23 21:45:13 [INFO] Start saving linked page: https://2025kj.zkclhb.com:2025/hk50.html
2026-05-23 21:45:13 [INFO] Linked page saved: C:\codex\test\am\pages\hk50.html
2026-05-23 21:45:13 [INFO] Start saving linked page: https://2025kj.zkclhb.com:2025/hk100.html
2026-05-23 21:45:13 [INFO] Linked page saved: C:\codex\test\am\pages\hk100.html
2026-05-23 21:45:13 [INFO] Start saving linked page: https://2025kj.zkclhb.com:2025/hk200.html
2026-05-23 21:45:13 [INFO] Linked page saved: C:\codex\test\am\pages\hk200.html
2026-05-23 21:45:13 [INFO] Start saving linked page: https://2025kj.zkclhb.com:2025/20251.html
2026-05-23 21:45:14 [INFO] Linked page saved: C:\codex\test\am\pages\20251.html
2026-05-23 21:45:14 [INFO] Start saving linked page: https://2025kj.zkclhb.com:2025/20241.html
2026-05-23 21:45:14 [INFO] Linked page saved: C:\codex\test\am\pages\20241.html
2026-05-23 21:45:14 [INFO] Start saving linked page: https://2025kj.zkclhb.com:2025/20231.html
2026-05-23 21:45:14 [INFO] Linked page saved: C:\codex\test\am\pages\20231.html
2026-05-23 21:45:14 [INFO] Start saving linked page: https://2025kj.zkclhb.com:2025/20221.html
2026-05-23 21:45:14 [INFO] Linked page saved: C:\codex\test\am\pages\20221.html
2026-05-23 21:45:14 [INFO] Start saving linked page: https://2025kj.zkclhb.com:2025/20211.html
2026-05-23 21:45:14 [INFO] Linked page saved: C:\codex\test\am\pages\20211.html
2026-05-23 21:45:14 [INFO] Start saving linked page: https://2025kj.zkclhb.com:2025/20201.html
2026-05-23 21:45:15 [INFO] Linked page saved: C:\codex\test\am\pages\20201.html
2026-05-23 21:45:15 [INFO] Start saving linked page: https://2025kj.zkclhb.com:2025/am1.html
2026-05-23 21:45:15 [INFO] Linked page saved: C:\codex\test\am\pages\am1.html
2026-05-23 21:46:37 [INFO] Dashboard data refreshed
2026-05-23 21:46:37 [INFO] Fetch success: C:\codex\test\am\index.html
2026-05-24 21:45:02 [INFO] Start fetching: https://2025kj.zkclhb.com:2025/am.html
2026-05-24 21:45:02 [INFO] Start discovering linked page: https://2025kj.zkclhb.com:2025/hk.html
2026-05-24 21:45:03 [INFO] Start discovering linked page: https://2025kj.zkclhb.com:2025/am2.html
2026-05-24 21:45:03 [INFO] Start discovering linked page: https://2025kj.zkclhb.com:2025/am20.html
2026-05-24 21:45:03 [INFO] Start discovering linked page: https://2025kj.zkclhb.com:2025/am50.html
2026-05-24 21:45:03 [INFO] Start discovering linked page: https://2025kj.zkclhb.com:2025/am100.html
2026-05-24 21:45:03 [INFO] Start discovering linked page: https://2025kj.zkclhb.com:2025/am200.html
2026-05-24 21:45:04 [INFO] Start discovering linked page: https://2025kj.zkclhb.com:2025/2025.html
2026-05-24 21:45:04 [INFO] Start discovering linked page: https://2025kj.zkclhb.com:2025/2024.html
2026-05-24 21:45:05 [INFO] Start discovering linked page: https://2025kj.zkclhb.com:2025/2023.html
2026-05-24 21:45:05 [INFO] Start discovering linked page: https://2025kj.zkclhb.com:2025/2022.html
2026-05-24 21:45:05 [INFO] Start discovering linked page: https://2025kj.zkclhb.com:2025/2021.html
2026-05-24 21:45:06 [INFO] Start discovering linked page: https://2025kj.zkclhb.com:2025/2020.html
2026-05-24 21:45:06 [INFO] Start discovering linked page: https://2025kj.zkclhb.com:2025/hk1.html
2026-05-24 21:45:06 [INFO] Start discovering linked page: https://2025kj.zkclhb.com:2025/hk2.html
2026-05-24 21:45:07 [INFO] Start discovering linked page: https://2025kj.zkclhb.com:2025/hk20.html
2026-05-24 21:45:07 [INFO] Start discovering linked page: https://2025kj.zkclhb.com:2025/hk50.html
2026-05-24 21:45:07 [INFO] Start discovering linked page: https://2025kj.zkclhb.com:2025/hk100.html
2026-05-24 21:45:07 [INFO] Start discovering linked page: https://2025kj.zkclhb.com:2025/hk200.html
2026-05-24 21:45:07 [INFO] Start discovering linked page: https://2025kj.zkclhb.com:2025/20251.html
2026-05-24 21:45:08 [INFO] Start discovering linked page: https://2025kj.zkclhb.com:2025/20241.html
2026-05-24 21:45:08 [INFO] Start discovering linked page: https://2025kj.zkclhb.com:2025/20231.html
2026-05-24 21:45:08 [INFO] Start discovering linked page: https://2025kj.zkclhb.com:2025/20221.html
2026-05-24 21:45:09 [INFO] Start discovering linked page: https://2025kj.zkclhb.com:2025/20211.html
2026-05-24 21:45:09 [INFO] Start discovering linked page: https://2025kj.zkclhb.com:2025/20201.html
2026-05-24 21:45:09 [INFO] Start discovering linked page: https://2025kj.zkclhb.com:2025/am1.html
2026-05-24 21:45:10 [INFO] Start saving linked page: https://2025kj.zkclhb.com:2025/hk.html
2026-05-24 21:45:10 [INFO] Linked page saved: C:\codex\test\am\pages\hk.html
2026-05-24 21:45:10 [INFO] Start saving linked page: https://2025kj.zkclhb.com:2025/am2.html
2026-05-24 21:45:10 [INFO] Linked page saved: C:\codex\test\am\pages\am2.html
2026-05-24 21:45:10 [INFO] Start saving linked page: https://2025kj.zkclhb.com:2025/am20.html
2026-05-24 21:45:11 [INFO] Linked page saved: C:\codex\test\am\pages\am20.html
2026-05-24 21:45:11 [INFO] Start saving linked page: https://2025kj.zkclhb.com:2025/am50.html
2026-05-24 21:45:11 [INFO] Linked page saved: C:\codex\test\am\pages\am50.html
2026-05-24 21:45:11 [INFO] Start saving linked page: https://2025kj.zkclhb.com:2025/am100.html
2026-05-24 21:45:11 [INFO] Linked page saved: C:\codex\test\am\pages\am100.html
2026-05-24 21:45:11 [INFO] Start saving linked page: https://2025kj.zkclhb.com:2025/am200.html
2026-05-24 21:45:11 [INFO] Linked page saved: C:\codex\test\am\pages\am200.html
2026-05-24 21:45:11 [INFO] Start saving linked page: https://2025kj.zkclhb.com:2025/2025.html
2026-05-24 21:45:11 [INFO] Linked page saved: C:\codex\test\am\pages\2025.html
2026-05-24 21:45:11 [INFO] Start saving linked page: https://2025kj.zkclhb.com:2025/2024.html
2026-05-24 21:45:12 [INFO] Linked page saved: C:\codex\test\am\pages\2024.html
2026-05-24 21:45:12 [INFO] Start saving linked page: https://2025kj.zkclhb.com:2025/2023.html
2026-05-24 21:45:12 [INFO] Linked page saved: C:\codex\test\am\pages\2023.html
2026-05-24 21:45:12 [INFO] Start saving linked page: https://2025kj.zkclhb.com:2025/2022.html
2026-05-24 21:45:12 [INFO] Linked page saved: C:\codex\test\am\pages\2022.html
2026-05-24 21:45:12 [INFO] Start saving linked page: https://2025kj.zkclhb.com:2025/2021.html
2026-05-24 21:45:12 [INFO] Linked page saved: C:\codex\test\am\pages\2021.html
2026-05-24 21:45:12 [INFO] Start saving linked page: https://2025kj.zkclhb.com:2025/2020.html
2026-05-24 21:45:12 [INFO] Linked page saved: C:\codex\test\am\pages\2020.html
2026-05-24 21:45:12 [INFO] Start saving linked page: https://2025kj.zkclhb.com:2025/hk1.html
2026-05-24 21:45:12 [INFO] Linked page saved: C:\codex\test\am\pages\hk1.html
2026-05-24 21:45:12 [INFO] Start saving linked page: https://2025kj.zkclhb.com:2025/hk2.html
2026-05-24 21:45:13 [INFO] Linked page saved: C:\codex\test\am\pages\hk2.html
2026-05-24 21:45:13 [INFO] Start saving linked page: https://2025kj.zkclhb.com:2025/hk20.html
2026-05-24 21:45:13 [INFO] Linked page saved: C:\codex\test\am\pages\hk20.html
2026-05-24 21:45:13 [INFO] Start saving linked page: https://2025kj.zkclhb.com:2025/hk50.html
2026-05-24 21:45:13 [INFO] Linked page saved: C:\codex\test\am\pages\hk50.html
2026-05-24 21:45:13 [INFO] Start saving linked page: https://2025kj.zkclhb.com:2025/hk100.html
2026-05-24 21:45:13 [INFO] Linked page saved: C:\codex\test\am\pages\hk100.html
2026-05-24 21:45:13 [INFO] Start saving linked page: https://2025kj.zkclhb.com:2025/hk200.html
2026-05-24 21:45:13 [INFO] Linked page saved: C:\codex\test\am\pages\hk200.html
2026-05-24 21:45:13 [INFO] Start saving linked page: https://2025kj.zkclhb.com:2025/20251.html
2026-05-24 21:45:14 [INFO] Linked page saved: C:\codex\test\am\pages\20251.html
2026-05-24 21:45:14 [INFO] Start saving linked page: https://2025kj.zkclhb.com:2025/20241.html
2026-05-24 21:45:14 [INFO] Linked page saved: C:\codex\test\am\pages\20241.html
2026-05-24 21:45:14 [INFO] Start saving linked page: https://2025kj.zkclhb.com:2025/20231.html
2026-05-24 21:45:14 [INFO] Linked page saved: C:\codex\test\am\pages\20231.html
2026-05-24 21:45:14 [INFO] Start saving linked page: https://2025kj.zkclhb.com:2025/20221.html
2026-05-24 21:45:14 [INFO] Linked page saved: C:\codex\test\am\pages\20221.html
2026-05-24 21:45:14 [INFO] Start saving linked page: https://2025kj.zkclhb.com:2025/20211.html
2026-05-24 21:45:14 [INFO] Linked page saved: C:\codex\test\am\pages\20211.html
2026-05-24 21:45:14 [INFO] Start saving linked page: https://2025kj.zkclhb.com:2025/20201.html
2026-05-24 21:45:15 [INFO] Linked page saved: C:\codex\test\am\pages\20201.html
2026-05-24 21:45:15 [INFO] Start saving linked page: https://2025kj.zkclhb.com:2025/am1.html
2026-05-24 21:45:15 [INFO] Linked page saved: C:\codex\test\am\pages\am1.html
2026-05-24 21:46:23 [INFO] Dashboard data refreshed
2026-05-24 21:46:23 [INFO] Fetch success: C:\codex\test\am\index.html
2026-05-25 00:38:06 [INFO] Start fetching: https://2025kj.zkclhb.com:2025/am.html
2026-05-25 00:38:07 [INFO] Start discovering linked page: https://2025kj.zkclhb.com:2025/hk.html
2026-05-25 00:38:07 [INFO] Start discovering linked page: https://2025kj.zkclhb.com:2025/am2.html
2026-05-25 00:38:07 [INFO] Start discovering linked page: https://2025kj.zkclhb.com:2025/am20.html
2026-05-25 00:38:07 [INFO] Start discovering linked page: https://2025kj.zkclhb.com:2025/am50.html
2026-05-25 00:38:07 [INFO] Start discovering linked page: https://2025kj.zkclhb.com:2025/am100.html
2026-05-25 00:38:08 [INFO] Start discovering linked page: https://2025kj.zkclhb.com:2025/am200.html
2026-05-25 00:38:08 [INFO] Start discovering linked page: https://2025kj.zkclhb.com:2025/2025.html
2026-05-25 00:38:09 [INFO] Start discovering linked page: https://2025kj.zkclhb.com:2025/2024.html
2026-05-25 00:38:09 [INFO] Start discovering linked page: https://2025kj.zkclhb.com:2025/2023.html
2026-05-25 00:38:09 [INFO] Start discovering linked page: https://2025kj.zkclhb.com:2025/2022.html
2026-05-25 00:38:10 [INFO] Start discovering linked page: https://2025kj.zkclhb.com:2025/2021.html
2026-05-25 00:38:10 [INFO] Start discovering linked page: https://2025kj.zkclhb.com:2025/2020.html
2026-05-25 00:38:10 [INFO] Start discovering linked page: https://2025kj.zkclhb.com:2025/hk1.html
2026-05-25 00:38:11 [INFO] Start discovering linked page: https://2025kj.zkclhb.com:2025/hk2.html
2026-05-25 00:38:11 [INFO] Start discovering linked page: https://2025kj.zkclhb.com:2025/hk20.html
2026-05-25 00:38:11 [INFO] Start discovering linked page: https://2025kj.zkclhb.com:2025/hk50.html
2026-05-25 00:38:12 [INFO] Start discovering linked page: https://2025kj.zkclhb.com:2025/hk100.html
2026-05-25 00:38:12 [INFO] Start discovering linked page: https://2025kj.zkclhb.com:2025/hk200.html
2026-05-25 00:38:12 [INFO] Start discovering linked page: https://2025kj.zkclhb.com:2025/20251.html
2026-05-25 00:38:12 [INFO] Start discovering linked page: https://2025kj.zkclhb.com:2025/20241.html
2026-05-25 00:38:13 [INFO] Start discovering linked page: https://2025kj.zkclhb.com:2025/20231.html
2026-05-25 00:38:13 [INFO] Start discovering linked page: https://2025kj.zkclhb.com:2025/20221.html
2026-05-25 00:38:13 [INFO] Start discovering linked page: https://2025kj.zkclhb.com:2025/20211.html
2026-05-25 00:38:14 [INFO] Start discovering linked page: https://2025kj.zkclhb.com:2025/20201.html
2026-05-25 00:38:14 [INFO] Start discovering linked page: https://2025kj.zkclhb.com:2025/am1.html
2026-05-25 00:38:15 [INFO] Start saving linked page: https://2025kj.zkclhb.com:2025/hk.html
2026-05-25 00:38:15 [INFO] Linked page saved: C:\codex\test\am\pages\hk.html
2026-05-25 00:38:15 [INFO] Start saving linked page: https://2025kj.zkclhb.com:2025/am2.html
2026-05-25 00:38:15 [INFO] Linked page saved: C:\codex\test\am\pages\am2.html
2026-05-25 00:38:15 [INFO] Start saving linked page: https://2025kj.zkclhb.com:2025/am20.html
2026-05-25 00:38:16 [INFO] Linked page saved: C:\codex\test\am\pages\am20.html
2026-05-25 00:38:16 [INFO] Start saving linked page: https://2025kj.zkclhb.com:2025/am50.html
2026-05-25 00:38:16 [INFO] Linked page saved: C:\codex\test\am\pages\am50.html
2026-05-25 00:38:16 [INFO] Start saving linked page: https://2025kj.zkclhb.com:2025/am100.html
2026-05-25 00:38:16 [INFO] Linked page saved: C:\codex\test\am\pages\am100.html
2026-05-25 00:38:16 [INFO] Start saving linked page: https://2025kj.zkclhb.com:2025/am200.html
2026-05-25 00:38:16 [INFO] Linked page saved: C:\codex\test\am\pages\am200.html
2026-05-25 00:38:16 [INFO] Start saving linked page: https://2025kj.zkclhb.com:2025/2025.html
2026-05-25 00:38:16 [INFO] Linked page saved: C:\codex\test\am\pages\2025.html
2026-05-25 00:38:16 [INFO] Start saving linked page: https://2025kj.zkclhb.com:2025/2024.html
2026-05-25 00:38:17 [INFO] Linked page saved: C:\codex\test\am\pages\2024.html
2026-05-25 00:38:17 [INFO] Start saving linked page: https://2025kj.zkclhb.com:2025/2023.html
2026-05-25 00:38:17 [INFO] Linked page saved: C:\codex\test\am\pages\2023.html
2026-05-25 00:38:17 [INFO] Start saving linked page: https://2025kj.zkclhb.com:2025/2022.html
2026-05-25 00:38:17 [INFO] Linked page saved: C:\codex\test\am\pages\2022.html
2026-05-25 00:38:17 [INFO] Start saving linked page: https://2025kj.zkclhb.com:2025/2021.html
2026-05-25 00:38:18 [INFO] Linked page saved: C:\codex\test\am\pages\2021.html
2026-05-25 00:38:18 [INFO] Start saving linked page: https://2025kj.zkclhb.com:2025/2020.html
2026-05-25 00:38:18 [INFO] Linked page saved: C:\codex\test\am\pages\2020.html
2026-05-25 00:38:18 [INFO] Start saving linked page: https://2025kj.zkclhb.com:2025/hk1.html
2026-05-25 00:38:18 [INFO] Linked page saved: C:\codex\test\am\pages\hk1.html
2026-05-25 00:38:18 [INFO] Start saving linked page: https://2025kj.zkclhb.com:2025/hk2.html
2026-05-25 00:38:18 [INFO] Linked page saved: C:\codex\test\am\pages\hk2.html
2026-05-25 00:38:18 [INFO] Start saving linked page: https://2025kj.zkclhb.com:2025/hk20.html
2026-05-25 00:38:18 [INFO] Linked page saved: C:\codex\test\am\pages\hk20.html
2026-05-25 00:38:18 [INFO] Start saving linked page: https://2025kj.zkclhb.com:2025/hk50.html
2026-05-25 00:38:18 [INFO] Linked page saved: C:\codex\test\am\pages\hk50.html
2026-05-25 00:38:18 [INFO] Start saving linked page: https://2025kj.zkclhb.com:2025/hk100.html
2026-05-25 00:38:19 [INFO] Linked page saved: C:\codex\test\am\pages\hk100.html
2026-05-25 00:38:19 [INFO] Start saving linked page: https://2025kj.zkclhb.com:2025/hk200.html
2026-05-25 00:38:19 [INFO] Linked page saved: C:\codex\test\am\pages\hk200.html
2026-05-25 00:38:19 [INFO] Start saving linked page: https://2025kj.zkclhb.com:2025/20251.html
2026-05-25 00:38:19 [INFO] Linked page saved: C:\codex\test\am\pages\20251.html
2026-05-25 00:38:19 [INFO] Start saving linked page: https://2025kj.zkclhb.com:2025/20241.html
2026-05-25 00:38:19 [INFO] Linked page saved: C:\codex\test\am\pages\20241.html
2026-05-25 00:38:19 [INFO] Start saving linked page: https://2025kj.zkclhb.com:2025/20231.html
2026-05-25 00:38:19 [INFO] Linked page saved: C:\codex\test\am\pages\20231.html
2026-05-25 00:38:19 [INFO] Start saving linked page: https://2025kj.zkclhb.com:2025/20221.html
2026-05-25 00:38:20 [INFO] Linked page saved: C:\codex\test\am\pages\20221.html
2026-05-25 00:38:20 [INFO] Start saving linked page: https://2025kj.zkclhb.com:2025/20211.html
2026-05-25 00:38:20 [INFO] Linked page saved: C:\codex\test\am\pages\20211.html
2026-05-25 00:38:20 [INFO] Start saving linked page: https://2025kj.zkclhb.com:2025/20201.html
2026-05-25 00:38:20 [INFO] Linked page saved: C:\codex\test\am\pages\20201.html
2026-05-25 00:38:20 [INFO] Start saving linked page: https://2025kj.zkclhb.com:2025/am1.html
2026-05-25 00:38:20 [INFO] Linked page saved: C:\codex\test\am\pages\am1.html
2026-05-25 00:38:40 [INFO] Start fetching: https://2025kj.zkclhb.com:2025/am.html
2026-05-25 00:38:40 [INFO] Start discovering linked page: https://2025kj.zkclhb.com:2025/hk.html
2026-05-25 00:38:40 [INFO] Start discovering linked page: https://2025kj.zkclhb.com:2025/am2.html
2026-05-25 00:38:41 [INFO] Start discovering linked page: https://2025kj.zkclhb.com:2025/am20.html
2026-05-25 00:38:41 [INFO] Start discovering linked page: https://2025kj.zkclhb.com:2025/am50.html
2026-05-25 00:38:41 [INFO] Start discovering linked page: https://2025kj.zkclhb.com:2025/am100.html
2026-05-25 00:38:41 [INFO] Start discovering linked page: https://2025kj.zkclhb.com:2025/am200.html
2026-05-25 00:38:42 [INFO] Start discovering linked page: https://2025kj.zkclhb.com:2025/2025.html
2026-05-25 00:38:42 [INFO] Start discovering linked page: https://2025kj.zkclhb.com:2025/2024.html
2026-05-25 00:38:42 [INFO] Start discovering linked page: https://2025kj.zkclhb.com:2025/2023.html
2026-05-25 00:38:43 [INFO] Start discovering linked page: https://2025kj.zkclhb.com:2025/2022.html
2026-05-25 00:38:43 [INFO] Start discovering linked page: https://2025kj.zkclhb.com:2025/2021.html
2026-05-25 00:38:44 [INFO] Start discovering linked page: https://2025kj.zkclhb.com:2025/2020.html
2026-05-25 00:38:44 [INFO] Start discovering linked page: https://2025kj.zkclhb.com:2025/hk1.html
2026-05-25 00:38:44 [INFO] Start discovering linked page: https://2025kj.zkclhb.com:2025/hk2.html
2026-05-25 00:38:44 [INFO] Start discovering linked page: https://2025kj.zkclhb.com:2025/hk20.html
2026-05-25 00:38:45 [INFO] Start discovering linked page: https://2025kj.zkclhb.com:2025/hk50.html
2026-05-25 00:38:45 [INFO] Start discovering linked page: https://2025kj.zkclhb.com:2025/hk100.html
2026-05-25 00:38:45 [INFO] Start discovering linked page: https://2025kj.zkclhb.com:2025/hk200.html
2026-05-25 00:38:45 [INFO] Start discovering linked page: https://2025kj.zkclhb.com:2025/20251.html
2026-05-25 00:38:46 [INFO] Start discovering linked page: https://2025kj.zkclhb.com:2025/20241.html
2026-05-25 00:38:46 [INFO] Start discovering linked page: https://2025kj.zkclhb.com:2025/20231.html
2026-05-25 00:38:46 [INFO] Start discovering linked page: https://2025kj.zkclhb.com:2025/20221.html
2026-05-25 00:38:47 [INFO] Start discovering linked page: https://2025kj.zkclhb.com:2025/20211.html
2026-05-25 00:38:47 [INFO] Start discovering linked page: https://2025kj.zkclhb.com:2025/20201.html
2026-05-25 00:38:47 [INFO] Start discovering linked page: https://2025kj.zkclhb.com:2025/am1.html
2026-05-25 00:38:48 [INFO] Start saving linked page: https://2025kj.zkclhb.com:2025/hk.html
2026-05-25 00:38:48 [INFO] Linked page saved: C:\codex\test\am\pages\hk.html
2026-05-25 00:38:48 [INFO] Start saving linked page: https://2025kj.zkclhb.com:2025/am2.html
2026-05-25 00:38:48 [INFO] Linked page saved: C:\codex\test\am\pages\am2.html
2026-05-25 00:38:48 [INFO] Start saving linked page: https://2025kj.zkclhb.com:2025/am20.html
2026-05-25 00:38:48 [INFO] Linked page saved: C:\codex\test\am\pages\am20.html
2026-05-25 00:38:48 [INFO] Start saving linked page: https://2025kj.zkclhb.com:2025/am50.html
2026-05-25 00:38:49 [INFO] Linked page saved: C:\codex\test\am\pages\am50.html
2026-05-25 00:38:49 [INFO] Start saving linked page: https://2025kj.zkclhb.com:2025/am100.html
2026-05-25 00:38:49 [INFO] Linked page saved: C:\codex\test\am\pages\am100.html
2026-05-25 00:38:49 [INFO] Start saving linked page: https://2025kj.zkclhb.com:2025/am200.html
2026-05-25 00:38:49 [INFO] Linked page saved: C:\codex\test\am\pages\am200.html
2026-05-25 00:38:49 [INFO] Start saving linked page: https://2025kj.zkclhb.com:2025/2025.html
2026-05-25 00:38:49 [INFO] Linked page saved: C:\codex\test\am\pages\2025.html
2026-05-25 00:38:49 [INFO] Start saving linked page: https://2025kj.zkclhb.com:2025/2024.html
2026-05-25 00:38:49 [INFO] Linked page saved: C:\codex\test\am\pages\2024.html
2026-05-25 00:38:49 [INFO] Start saving linked page: https://2025kj.zkclhb.com:2025/2023.html
2026-05-25 00:38:49 [INFO] Linked page saved: C:\codex\test\am\pages\2023.html
2026-05-25 00:38:49 [INFO] Start saving linked page: https://2025kj.zkclhb.com:2025/2022.html
2026-05-25 00:38:50 [INFO] Linked page saved: C:\codex\test\am\pages\2022.html
2026-05-25 00:38:50 [INFO] Start saving linked page: https://2025kj.zkclhb.com:2025/2021.html
2026-05-25 00:38:50 [INFO] Linked page saved: C:\codex\test\am\pages\2021.html
2026-05-25 00:38:50 [INFO] Start saving linked page: https://2025kj.zkclhb.com:2025/2020.html
2026-05-25 00:38:50 [INFO] Linked page saved: C:\codex\test\am\pages\2020.html
2026-05-25 00:38:50 [INFO] Start saving linked page: https://2025kj.zkclhb.com:2025/hk1.html
2026-05-25 00:38:50 [INFO] Linked page saved: C:\codex\test\am\pages\hk1.html
2026-05-25 00:38:50 [INFO] Start saving linked page: https://2025kj.zkclhb.com:2025/hk2.html
2026-05-25 00:38:50 [INFO] Linked page saved: C:\codex\test\am\pages\hk2.html
2026-05-25 00:38:50 [INFO] Start saving linked page: https://2025kj.zkclhb.com:2025/hk20.html
2026-05-25 00:38:51 [INFO] Linked page saved: C:\codex\test\am\pages\hk20.html
2026-05-25 00:38:51 [INFO] Start saving linked page: https://2025kj.zkclhb.com:2025/hk50.html
2026-05-25 00:38:51 [INFO] Linked page saved: C:\codex\test\am\pages\hk50.html
2026-05-25 00:38:51 [INFO] Start saving linked page: https://2025kj.zkclhb.com:2025/hk100.html
2026-05-25 00:38:51 [INFO] Linked page saved: C:\codex\test\am\pages\hk100.html
2026-05-25 00:38:51 [INFO] Start saving linked page: https://2025kj.zkclhb.com:2025/hk200.html
2026-05-25 00:38:51 [INFO] Linked page saved: C:\codex\test\am\pages\hk200.html
2026-05-25 00:38:51 [INFO] Start saving linked page: https://2025kj.zkclhb.com:2025/20251.html
2026-05-25 00:38:51 [INFO] Linked page saved: C:\codex\test\am\pages\20251.html
2026-05-25 00:38:51 [INFO] Start saving linked page: https://2025kj.zkclhb.com:2025/20241.html
2026-05-25 00:38:51 [INFO] Linked page saved: C:\codex\test\am\pages\20241.html
2026-05-25 00:38:51 [INFO] Start saving linked page: https://2025kj.zkclhb.com:2025/20231.html
2026-05-25 00:38:52 [INFO] Linked page saved: C:\codex\test\am\pages\20231.html
2026-05-25 00:38:52 [INFO] Start saving linked page: https://2025kj.zkclhb.com:2025/20221.html
2026-05-25 00:38:52 [INFO] Linked page saved: C:\codex\test\am\pages\20221.html
2026-05-25 00:38:52 [INFO] Start saving linked page: https://2025kj.zkclhb.com:2025/20211.html
2026-05-25 00:38:52 [INFO] Linked page saved: C:\codex\test\am\pages\20211.html
2026-05-25 00:38:52 [INFO] Start saving linked page: https://2025kj.zkclhb.com:2025/20201.html
2026-05-25 00:38:52 [INFO] Linked page saved: C:\codex\test\am\pages\20201.html
2026-05-25 00:38:52 [INFO] Start saving linked page: https://2025kj.zkclhb.com:2025/am1.html
2026-05-25 00:38:52 [INFO] Linked page saved: C:\codex\test\am\pages\am1.html
2026-05-25 00:40:09 [INFO] Dashboard data refreshed
2026-05-25 00:40:09 [INFO] Fetch success: C:\codex\test\am\index.html
2026-05-25 00:40:41 [INFO] Dashboard data refreshed
2026-05-25 00:40:41 [INFO] Fetch success: C:\codex\test\am\index.html
2026-05-25 21:45:02 [INFO] Start fetching: https://2025kj.zkclhb.com:2025/am.html
2026-05-25 21:45:02 [INFO] Start discovering linked page: https://2025kj.zkclhb.com:2025/hk.html
2026-05-25 21:45:03 [INFO] Start discovering linked page: https://2025kj.zkclhb.com:2025/am2.html
2026-05-25 21:45:03 [INFO] Start discovering linked page: https://2025kj.zkclhb.com:2025/am20.html
2026-05-25 21:45:03 [INFO] Start discovering linked page: https://2025kj.zkclhb.com:2025/am50.html
2026-05-25 21:45:03 [INFO] Start discovering linked page: https://2025kj.zkclhb.com:2025/am100.html
2026-05-25 21:45:04 [INFO] Start discovering linked page: https://2025kj.zkclhb.com:2025/am200.html
2026-05-25 21:45:04 [INFO] Start discovering linked page: https://2025kj.zkclhb.com:2025/2025.html
2026-05-25 21:45:04 [INFO] Start discovering linked page: https://2025kj.zkclhb.com:2025/2024.html
2026-05-25 21:45:05 [INFO] Start discovering linked page: https://2025kj.zkclhb.com:2025/2023.html
2026-05-25 21:45:05 [INFO] Start discovering linked page: https://2025kj.zkclhb.com:2025/2022.html
2026-05-25 21:45:06 [INFO] Start discovering linked page: https://2025kj.zkclhb.com:2025/2021.html
2026-05-25 21:45:06 [INFO] Start discovering linked page: https://2025kj.zkclhb.com:2025/2020.html
2026-05-25 21:45:06 [INFO] Start discovering linked page: https://2025kj.zkclhb.com:2025/hk1.html
2026-05-25 21:45:06 [INFO] Start discovering linked page: https://2025kj.zkclhb.com:2025/hk2.html
2026-05-25 21:45:07 [INFO] Start discovering linked page: https://2025kj.zkclhb.com:2025/hk20.html
2026-05-25 21:45:07 [INFO] Start discovering linked page: https://2025kj.zkclhb.com:2025/hk50.html
2026-05-25 21:45:07 [INFO] Start discovering linked page: https://2025kj.zkclhb.com:2025/hk100.html
2026-05-25 21:45:07 [INFO] Start discovering linked page: https://2025kj.zkclhb.com:2025/hk200.html
2026-05-25 21:45:08 [INFO] Start discovering linked page: https://2025kj.zkclhb.com:2025/20251.html
2026-05-25 21:45:08 [INFO] Start discovering linked page: https://2025kj.zkclhb.com:2025/20241.html
2026-05-25 21:45:08 [INFO] Start discovering linked page: https://2025kj.zkclhb.com:2025/20231.html
2026-05-25 21:45:09 [INFO] Start discovering linked page: https://2025kj.zkclhb.com:2025/20221.html
2026-05-25 21:45:09 [INFO] Start discovering linked page: https://2025kj.zkclhb.com:2025/20211.html
2026-05-25 21:45:09 [INFO] Start discovering linked page: https://2025kj.zkclhb.com:2025/20201.html
2026-05-25 21:45:09 [INFO] Start discovering linked page: https://2025kj.zkclhb.com:2025/am1.html
2026-05-25 21:45:10 [INFO] Start saving linked page: https://2025kj.zkclhb.com:2025/hk.html
2026-05-25 21:45:10 [INFO] Linked page saved: C:\codex\test\am\pages\hk.html
2026-05-25 21:45:10 [INFO] Start saving linked page: https://2025kj.zkclhb.com:2025/am2.html
2026-05-25 21:45:11 [INFO] Linked page saved: C:\codex\test\am\pages\am2.html
2026-05-25 21:45:11 [INFO] Start saving linked page: https://2025kj.zkclhb.com:2025/am20.html
2026-05-25 21:45:11 [INFO] Linked page saved: C:\codex\test\am\pages\am20.html
2026-05-25 21:45:11 [INFO] Start saving linked page: https://2025kj.zkclhb.com:2025/am50.html
2026-05-25 21:45:11 [INFO] Linked page saved: C:\codex\test\am\pages\am50.html
2026-05-25 21:45:11 [INFO] Start saving linked page: https://2025kj.zkclhb.com:2025/am100.html
2026-05-25 21:45:11 [INFO] Linked page saved: C:\codex\test\am\pages\am100.html
2026-05-25 21:45:11 [INFO] Start saving linked page: https://2025kj.zkclhb.com:2025/am200.html
2026-05-25 21:45:11 [INFO] Linked page saved: C:\codex\test\am\pages\am200.html
2026-05-25 21:45:11 [INFO] Start saving linked page: https://2025kj.zkclhb.com:2025/2025.html
2026-05-25 21:45:12 [INFO] Linked page saved: C:\codex\test\am\pages\2025.html
2026-05-25 21:45:12 [INFO] Start saving linked page: https://2025kj.zkclhb.com:2025/2024.html
2026-05-25 21:45:12 [INFO] Linked page saved: C:\codex\test\am\pages\2024.html
2026-05-25 21:45:12 [INFO] Start saving linked page: https://2025kj.zkclhb.com:2025/2023.html
2026-05-25 21:45:12 [INFO] Linked page saved: C:\codex\test\am\pages\2023.html
2026-05-25 21:45:12 [INFO] Start saving linked page: https://2025kj.zkclhb.com:2025/2022.html
2026-05-25 21:45:12 [INFO] Linked page saved: C:\codex\test\am\pages\2022.html
2026-05-25 21:45:12 [INFO] Start saving linked page: https://2025kj.zkclhb.com:2025/2021.html
2026-05-25 21:45:12 [INFO] Linked page saved: C:\codex\test\am\pages\2021.html
2026-05-25 21:45:12 [INFO] Start saving linked page: https://2025kj.zkclhb.com:2025/2020.html
2026-05-25 21:45:12 [INFO] Linked page saved: C:\codex\test\am\pages\2020.html
2026-05-25 21:45:12 [INFO] Start saving linked page: https://2025kj.zkclhb.com:2025/hk1.html
2026-05-25 21:45:13 [INFO] Linked page saved: C:\codex\test\am\pages\hk1.html
2026-05-25 21:45:13 [INFO] Start saving linked page: https://2025kj.zkclhb.com:2025/hk2.html
2026-05-25 21:45:13 [INFO] Linked page saved: C:\codex\test\am\pages\hk2.html
2026-05-25 21:45:13 [INFO] Start saving linked page: https://2025kj.zkclhb.com:2025/hk20.html
2026-05-25 21:45:13 [INFO] Linked page saved: C:\codex\test\am\pages\hk20.html
2026-05-25 21:45:13 [INFO] Start saving linked page: https://2025kj.zkclhb.com:2025/hk50.html
2026-05-25 21:45:13 [INFO] Linked page saved: C:\codex\test\am\pages\hk50.html
2026-05-25 21:45:13 [INFO] Start saving linked page: https://2025kj.zkclhb.com:2025/hk100.html
2026-05-25 21:45:13 [INFO] Linked page saved: C:\codex\test\am\pages\hk100.html
2026-05-25 21:45:13 [INFO] Start saving linked page: https://2025kj.zkclhb.com:2025/hk200.html
2026-05-25 21:45:14 [INFO] Linked page saved: C:\codex\test\am\pages\hk200.html
2026-05-25 21:45:14 [INFO] Start saving linked page: https://2025kj.zkclhb.com:2025/20251.html
2026-05-25 21:45:14 [INFO] Linked page saved: C:\codex\test\am\pages\20251.html
2026-05-25 21:45:14 [INFO] Start saving linked page: https://2025kj.zkclhb.com:2025/20241.html
2026-05-25 21:45:14 [INFO] Linked page saved: C:\codex\test\am\pages\20241.html
2026-05-25 21:45:14 [INFO] Start saving linked page: https://2025kj.zkclhb.com:2025/20231.html
2026-05-25 21:45:14 [INFO] Linked page saved: C:\codex\test\am\pages\20231.html
2026-05-25 21:45:14 [INFO] Start saving linked page: https://2025kj.zkclhb.com:2025/20221.html
2026-05-25 21:45:14 [INFO] Linked page saved: C:\codex\test\am\pages\20221.html
2026-05-25 21:45:14 [INFO] Start saving linked page: https://2025kj.zkclhb.com:2025/20211.html
2026-05-25 21:45:15 [INFO] Linked page saved: C:\codex\test\am\pages\20211.html
2026-05-25 21:45:15 [INFO] Start saving linked page: https://2025kj.zkclhb.com:2025/20201.html
2026-05-25 21:45:15 [INFO] Linked page saved: C:\codex\test\am\pages\20201.html
2026-05-25 21:45:15 [INFO] Start saving linked page: https://2025kj.zkclhb.com:2025/am1.html
2026-05-25 21:45:15 [INFO] Linked page saved: C:\codex\test\am\pages\am1.html
2026-05-25 21:46:35 [INFO] Dashboard data refreshed
2026-05-25 21:46:35 [INFO] Fetch success: C:\codex\test\am\index.html
2026-05-26 21:45:02 [INFO] Start fetching: https://2025kj.zkclhb.com:2025/am.html
2026-05-26 21:45:02 [INFO] Start discovering linked page: https://2025kj.zkclhb.com:2025/hk.html
2026-05-26 21:45:03 [INFO] Start discovering linked page: https://2025kj.zkclhb.com:2025/am2.html
2026-05-26 21:45:03 [INFO] Start discovering linked page: https://2025kj.zkclhb.com:2025/am20.html
2026-05-26 21:45:03 [INFO] Start discovering linked page: https://2025kj.zkclhb.com:2025/am50.html
2026-05-26 21:45:03 [INFO] Start discovering linked page: https://2025kj.zkclhb.com:2025/am100.html
2026-05-26 21:45:04 [INFO] Start discovering linked page: https://2025kj.zkclhb.com:2025/am200.html
2026-05-26 21:45:04 [INFO] Start discovering linked page: https://2025kj.zkclhb.com:2025/2025.html
2026-05-26 21:45:04 [INFO] Start discovering linked page: https://2025kj.zkclhb.com:2025/2024.html
2026-05-26 21:45:05 [INFO] Start discovering linked page: https://2025kj.zkclhb.com:2025/2023.html
2026-05-26 21:45:05 [INFO] Start discovering linked page: https://2025kj.zkclhb.com:2025/2022.html
2026-05-26 21:45:05 [INFO] Start discovering linked page: https://2025kj.zkclhb.com:2025/2021.html
2026-05-26 21:45:06 [INFO] Start discovering linked page: https://2025kj.zkclhb.com:2025/2020.html
2026-05-26 21:45:06 [INFO] Start discovering linked page: https://2025kj.zkclhb.com:2025/hk1.html
2026-05-26 21:45:06 [INFO] Start discovering linked page: https://2025kj.zkclhb.com:2025/hk2.html
2026-05-26 21:45:07 [INFO] Start discovering linked page: https://2025kj.zkclhb.com:2025/hk20.html
2026-05-26 21:45:07 [INFO] Start discovering linked page: https://2025kj.zkclhb.com:2025/hk50.html
2026-05-26 21:45:07 [INFO] Start discovering linked page: https://2025kj.zkclhb.com:2025/hk100.html
2026-05-26 21:45:07 [INFO] Start discovering linked page: https://2025kj.zkclhb.com:2025/hk200.html
2026-05-26 21:45:08 [INFO] Start discovering linked page: https://2025kj.zkclhb.com:2025/20251.html
2026-05-26 21:45:08 [INFO] Start discovering linked page: https://2025kj.zkclhb.com:2025/20241.html
2026-05-26 21:45:08 [INFO] Start discovering linked page: https://2025kj.zkclhb.com:2025/20231.html
2026-05-26 21:45:08 [INFO] Start discovering linked page: https://2025kj.zkclhb.com:2025/20221.html
2026-05-26 21:45:09 [INFO] Start discovering linked page: https://2025kj.zkclhb.com:2025/20211.html
2026-05-26 21:45:09 [INFO] Start discovering linked page: https://2025kj.zkclhb.com:2025/20201.html
2026-05-26 21:45:09 [INFO] Start discovering linked page: https://2025kj.zkclhb.com:2025/am1.html
2026-05-26 21:45:10 [INFO] Start saving linked page: https://2025kj.zkclhb.com:2025/hk.html
2026-05-26 21:45:10 [INFO] Linked page saved: C:\codex\test\am\pages\hk.html
2026-05-26 21:45:10 [INFO] Start saving linked page: https://2025kj.zkclhb.com:2025/am2.html
2026-05-26 21:45:10 [INFO] Linked page saved: C:\codex\test\am\pages\am2.html
2026-05-26 21:45:10 [INFO] Start saving linked page: https://2025kj.zkclhb.com:2025/am20.html
2026-05-26 21:45:11 [INFO] Linked page saved: C:\codex\test\am\pages\am20.html
2026-05-26 21:45:11 [INFO] Start saving linked page: https://2025kj.zkclhb.com:2025/am50.html
2026-05-26 21:45:11 [INFO] Linked page saved: C:\codex\test\am\pages\am50.html
2026-05-26 21:45:11 [INFO] Start saving linked page: https://2025kj.zkclhb.com:2025/am100.html
2026-05-26 21:45:11 [INFO] Linked page saved: C:\codex\test\am\pages\am100.html
2026-05-26 21:45:11 [INFO] Start saving linked page: https://2025kj.zkclhb.com:2025/am200.html
2026-05-26 21:45:11 [INFO] Linked page saved: C:\codex\test\am\pages\am200.html
2026-05-26 21:45:11 [INFO] Start saving linked page: https://2025kj.zkclhb.com:2025/2025.html
2026-05-26 21:45:11 [INFO] Linked page saved: C:\codex\test\am\pages\2025.html
2026-05-26 21:45:11 [INFO] Start saving linked page: https://2025kj.zkclhb.com:2025/2024.html
2026-05-26 21:45:12 [INFO] Linked page saved: C:\codex\test\am\pages\2024.html
2026-05-26 21:45:12 [INFO] Start saving linked page: https://2025kj.zkclhb.com:2025/2023.html
2026-05-26 21:45:12 [INFO] Linked page saved: C:\codex\test\am\pages\2023.html
2026-05-26 21:45:12 [INFO] Start saving linked page: https://2025kj.zkclhb.com:2025/2022.html
2026-05-26 21:45:12 [INFO] Linked page saved: C:\codex\test\am\pages\2022.html
2026-05-26 21:45:12 [INFO] Start saving linked page: https://2025kj.zkclhb.com:2025/2021.html
2026-05-26 21:45:12 [INFO] Linked page saved: C:\codex\test\am\pages\2021.html
2026-05-26 21:45:12 [INFO] Start saving linked page: https://2025kj.zkclhb.com:2025/2020.html
2026-05-26 21:45:12 [INFO] Linked page saved: C:\codex\test\am\pages\2020.html
2026-05-26 21:45:12 [INFO] Start saving linked page: https://2025kj.zkclhb.com:2025/hk1.html
2026-05-26 21:45:13 [INFO] Linked page saved: C:\codex\test\am\pages\hk1.html
2026-05-26 21:45:13 [INFO] Start saving linked page: https://2025kj.zkclhb.com:2025/hk2.html
2026-05-26 21:45:13 [INFO] Linked page saved: C:\codex\test\am\pages\hk2.html
2026-05-26 21:45:13 [INFO] Start saving linked page: https://2025kj.zkclhb.com:2025/hk20.html
2026-05-26 21:45:13 [INFO] Linked page saved: C:\codex\test\am\pages\hk20.html
2026-05-26 21:45:13 [INFO] Start saving linked page: https://2025kj.zkclhb.com:2025/hk50.html
2026-05-26 21:45:13 [INFO] Linked page saved: C:\codex\test\am\pages\hk50.html
2026-05-26 21:45:13 [INFO] Start saving linked page: https://2025kj.zkclhb.com:2025/hk100.html
2026-05-26 21:45:13 [INFO] Linked page saved: C:\codex\test\am\pages\hk100.html
2026-05-26 21:45:13 [INFO] Start saving linked page: https://2025kj.zkclhb.com:2025/hk200.html
2026-05-26 21:45:13 [INFO] Linked page saved: C:\codex\test\am\pages\hk200.html
2026-05-26 21:45:13 [INFO] Start saving linked page: https://2025kj.zkclhb.com:2025/20251.html
2026-05-26 21:45:14 [INFO] Linked page saved: C:\codex\test\am\pages\20251.html
2026-05-26 21:45:14 [INFO] Start saving linked page: https://2025kj.zkclhb.com:2025/20241.html
2026-05-26 21:45:14 [INFO] Linked page saved: C:\codex\test\am\pages\20241.html
2026-05-26 21:45:14 [INFO] Start saving linked page: https://2025kj.zkclhb.com:2025/20231.html
2026-05-26 21:45:14 [INFO] Linked page saved: C:\codex\test\am\pages\20231.html
2026-05-26 21:45:14 [INFO] Start saving linked page: https://2025kj.zkclhb.com:2025/20221.html
2026-05-26 21:45:14 [INFO] Linked page saved: C:\codex\test\am\pages\20221.html
2026-05-26 21:45:14 [INFO] Start saving linked page: https://2025kj.zkclhb.com:2025/20211.html
2026-05-26 21:45:14 [INFO] Linked page saved: C:\codex\test\am\pages\20211.html
2026-05-26 21:45:14 [INFO] Start saving linked page: https://2025kj.zkclhb.com:2025/20201.html
2026-05-26 21:45:15 [INFO] Linked page saved: C:\codex\test\am\pages\20201.html
2026-05-26 21:45:15 [INFO] Start saving linked page: https://2025kj.zkclhb.com:2025/am1.html
2026-05-26 21:45:15 [INFO] Linked page saved: C:\codex\test\am\pages\am1.html
2026-05-26 21:46:41 [INFO] Dashboard data refreshed
2026-05-26 21:46:41 [INFO] Fetch success: C:\codex\test\am\index.html
2026-05-27 21:45:02 [INFO] Start fetching: https://2025kj.zkclhb.com:2025/am.html
2026-05-27 21:45:02 [INFO] Start discovering linked page: https://2025kj.zkclhb.com:2025/hk.html
2026-05-27 21:45:03 [INFO] Start discovering linked page: https://2025kj.zkclhb.com:2025/am2.html
2026-05-27 21:45:03 [INFO] Start discovering linked page: https://2025kj.zkclhb.com:2025/am20.html
2026-05-27 21:45:03 [INFO] Start discovering linked page: https://2025kj.zkclhb.com:2025/am50.html
2026-05-27 21:45:03 [INFO] Start discovering linked page: https://2025kj.zkclhb.com:2025/am100.html
2026-05-27 21:45:04 [INFO] Start discovering linked page: https://2025kj.zkclhb.com:2025/am200.html
2026-05-27 21:45:04 [INFO] Start discovering linked page: https://2025kj.zkclhb.com:2025/2025.html
2026-05-27 21:45:04 [INFO] Start discovering linked page: https://2025kj.zkclhb.com:2025/2024.html
2026-05-27 21:45:05 [INFO] Start discovering linked page: https://2025kj.zkclhb.com:2025/2023.html
2026-05-27 21:45:05 [INFO] Start discovering linked page: https://2025kj.zkclhb.com:2025/2022.html
2026-05-27 21:45:06 [INFO] Start discovering linked page: https://2025kj.zkclhb.com:2025/2021.html
2026-05-27 21:45:06 [INFO] Start discovering linked page: https://2025kj.zkclhb.com:2025/2020.html
2026-05-27 21:45:06 [INFO] Start discovering linked page: https://2025kj.zkclhb.com:2025/hk1.html
2026-05-27 21:45:06 [INFO] Start discovering linked page: https://2025kj.zkclhb.com:2025/hk2.html
2026-05-27 21:45:07 [INFO] Start discovering linked page: https://2025kj.zkclhb.com:2025/hk20.html
2026-05-27 21:45:07 [INFO] Start discovering linked page: https://2025kj.zkclhb.com:2025/hk50.html
2026-05-27 21:45:07 [INFO] Start discovering linked page: https://2025kj.zkclhb.com:2025/hk100.html
2026-05-27 21:45:07 [INFO] Start discovering linked page: https://2025kj.zkclhb.com:2025/hk200.html
2026-05-27 21:45:08 [INFO] Start discovering linked page: https://2025kj.zkclhb.com:2025/20251.html
2026-05-27 21:45:08 [INFO] Start discovering linked page: https://2025kj.zkclhb.com:2025/20241.html
2026-05-27 21:45:08 [INFO] Start discovering linked page: https://2025kj.zkclhb.com:2025/20231.html
2026-05-27 21:45:09 [INFO] Start discovering linked page: https://2025kj.zkclhb.com:2025/20221.html
2026-05-27 21:45:09 [INFO] Start discovering linked page: https://2025kj.zkclhb.com:2025/20211.html
2026-05-27 21:45:09 [INFO] Start discovering linked page: https://2025kj.zkclhb.com:2025/20201.html
2026-05-27 21:45:09 [INFO] Start discovering linked page: https://2025kj.zkclhb.com:2025/am1.html
2026-05-27 21:45:10 [INFO] Start saving linked page: https://2025kj.zkclhb.com:2025/hk.html
2026-05-27 21:45:10 [INFO] Linked page saved: C:\codex\test\am\pages\hk.html
2026-05-27 21:45:10 [INFO] Start saving linked page: https://2025kj.zkclhb.com:2025/am2.html
2026-05-27 21:45:11 [INFO] Linked page saved: C:\codex\test\am\pages\am2.html
2026-05-27 21:45:11 [INFO] Start saving linked page: https://2025kj.zkclhb.com:2025/am20.html
2026-05-27 21:45:11 [INFO] Linked page saved: C:\codex\test\am\pages\am20.html
2026-05-27 21:45:11 [INFO] Start saving linked page: https://2025kj.zkclhb.com:2025/am50.html
2026-05-27 21:45:11 [INFO] Linked page saved: C:\codex\test\am\pages\am50.html
2026-05-27 21:45:11 [INFO] Start saving linked page: https://2025kj.zkclhb.com:2025/am100.html
2026-05-27 21:45:11 [INFO] Linked page saved: C:\codex\test\am\pages\am100.html
2026-05-27 21:45:11 [INFO] Start saving linked page: https://2025kj.zkclhb.com:2025/am200.html
2026-05-27 21:45:11 [INFO] Linked page saved: C:\codex\test\am\pages\am200.html
2026-05-27 21:45:11 [INFO] Start saving linked page: https://2025kj.zkclhb.com:2025/2025.html
2026-05-27 21:45:12 [INFO] Linked page saved: C:\codex\test\am\pages\2025.html
2026-05-27 21:45:12 [INFO] Start saving linked page: https://2025kj.zkclhb.com:2025/2024.html
2026-05-27 21:45:12 [INFO] Linked page saved: C:\codex\test\am\pages\2024.html
2026-05-27 21:45:12 [INFO] Start saving linked page: https://2025kj.zkclhb.com:2025/2023.html
2026-05-27 21:45:12 [INFO] Linked page saved: C:\codex\test\am\pages\2023.html
2026-05-27 21:45:12 [INFO] Start saving linked page: https://2025kj.zkclhb.com:2025/2022.html
2026-05-27 21:45:12 [INFO] Linked page saved: C:\codex\test\am\pages\2022.html
2026-05-27 21:45:12 [INFO] Start saving linked page: https://2025kj.zkclhb.com:2025/2021.html
2026-05-27 21:45:12 [INFO] Linked page saved: C:\codex\test\am\pages\2021.html
2026-05-27 21:45:12 [INFO] Start saving linked page: https://2025kj.zkclhb.com:2025/2020.html
2026-05-27 21:45:13 [INFO] Linked page saved: C:\codex\test\am\pages\2020.html
2026-05-27 21:45:13 [INFO] Start saving linked page: https://2025kj.zkclhb.com:2025/hk1.html
2026-05-27 21:45:13 [INFO] Linked page saved: C:\codex\test\am\pages\hk1.html
2026-05-27 21:45:13 [INFO] Start saving linked page: https://2025kj.zkclhb.com:2025/hk2.html
2026-05-27 21:45:13 [INFO] Linked page saved: C:\codex\test\am\pages\hk2.html
2026-05-27 21:45:13 [INFO] Start saving linked page: https://2025kj.zkclhb.com:2025/hk20.html
2026-05-27 21:45:13 [INFO] Linked page saved: C:\codex\test\am\pages\hk20.html
2026-05-27 21:45:13 [INFO] Start saving linked page: https://2025kj.zkclhb.com:2025/hk50.html
2026-05-27 21:45:13 [INFO] Linked page saved: C:\codex\test\am\pages\hk50.html
2026-05-27 21:45:13 [INFO] Start saving linked page: https://2025kj.zkclhb.com:2025/hk100.html
2026-05-27 21:45:13 [INFO] Linked page saved: C:\codex\test\am\pages\hk100.html
2026-05-27 21:45:13 [INFO] Start saving linked page: https://2025kj.zkclhb.com:2025/hk200.html
2026-05-27 21:45:14 [INFO] Linked page saved: C:\codex\test\am\pages\hk200.html
2026-05-27 21:45:14 [INFO] Start saving linked page: https://2025kj.zkclhb.com:2025/20251.html
2026-05-27 21:45:14 [INFO] Linked page saved: C:\codex\test\am\pages\20251.html
2026-05-27 21:45:14 [INFO] Start saving linked page: https://2025kj.zkclhb.com:2025/20241.html
2026-05-27 21:45:14 [INFO] Linked page saved: C:\codex\test\am\pages\20241.html
2026-05-27 21:45:14 [INFO] Start saving linked page: https://2025kj.zkclhb.com:2025/20231.html
2026-05-27 21:45:14 [INFO] Linked page saved: C:\codex\test\am\pages\20231.html
2026-05-27 21:45:14 [INFO] Start saving linked page: https://2025kj.zkclhb.com:2025/20221.html
2026-05-27 21:45:14 [INFO] Linked page saved: C:\codex\test\am\pages\20221.html
2026-05-27 21:45:14 [INFO] Start saving linked page: https://2025kj.zkclhb.com:2025/20211.html
2026-05-27 21:45:15 [INFO] Linked page saved: C:\codex\test\am\pages\20211.html
2026-05-27 21:45:15 [INFO] Start saving linked page: https://2025kj.zkclhb.com:2025/20201.html
2026-05-27 21:45:15 [INFO] Linked page saved: C:\codex\test\am\pages\20201.html
2026-05-27 21:45:15 [INFO] Start saving linked page: https://2025kj.zkclhb.com:2025/am1.html
2026-05-27 21:45:15 [INFO] Linked page saved: C:\codex\test\am\pages\am1.html
2026-05-27 21:46:44 [INFO] Dashboard data refreshed
2026-05-27 21:46:44 [INFO] Fetch success: C:\codex\test\am\index.html
2026-05-28 21:45:02 [INFO] Start fetching: https://2025kj.zkclhb.com:2025/am.html
2026-05-28 21:45:02 [INFO] Start discovering linked page: https://2025kj.zkclhb.com:2025/hk.html
2026-05-28 21:45:03 [INFO] Start discovering linked page: https://2025kj.zkclhb.com:2025/am2.html
2026-05-28 21:45:03 [INFO] Start discovering linked page: https://2025kj.zkclhb.com:2025/am20.html
2026-05-28 21:45:03 [INFO] Start discovering linked page: https://2025kj.zkclhb.com:2025/am50.html
2026-05-28 21:45:03 [INFO] Start discovering linked page: https://2025kj.zkclhb.com:2025/am100.html
2026-05-28 21:45:04 [INFO] Start discovering linked page: https://2025kj.zkclhb.com:2025/am200.html
2026-05-28 21:45:04 [INFO] Start discovering linked page: https://2025kj.zkclhb.com:2025/2025.html
2026-05-28 21:45:04 [INFO] Start discovering linked page: https://2025kj.zkclhb.com:2025/2024.html
2026-05-28 21:45:05 [INFO] Start discovering linked page: https://2025kj.zkclhb.com:2025/2023.html
2026-05-28 21:45:05 [INFO] Start discovering linked page: https://2025kj.zkclhb.com:2025/2022.html
2026-05-28 21:45:05 [INFO] Start discovering linked page: https://2025kj.zkclhb.com:2025/2021.html
2026-05-28 21:45:06 [INFO] Start discovering linked page: https://2025kj.zkclhb.com:2025/2020.html
2026-05-28 21:45:06 [INFO] Start discovering linked page: https://2025kj.zkclhb.com:2025/hk1.html
2026-05-28 21:45:06 [INFO] Start discovering linked page: https://2025kj.zkclhb.com:2025/hk2.html
2026-05-28 21:45:07 [INFO] Start discovering linked page: https://2025kj.zkclhb.com:2025/hk20.html
2026-05-28 21:45:07 [INFO] Start discovering linked page: https://2025kj.zkclhb.com:2025/hk50.html
2026-05-28 21:45:07 [INFO] Start discovering linked page: https://2025kj.zkclhb.com:2025/hk100.html
2026-05-28 21:45:07 [INFO] Start discovering linked page: https://2025kj.zkclhb.com:2025/hk200.html
2026-05-28 21:45:07 [INFO] Start discovering linked page: https://2025kj.zkclhb.com:2025/20251.html
2026-05-28 21:45:08 [INFO] Start discovering linked page: https://2025kj.zkclhb.com:2025/20241.html
2026-05-28 21:45:08 [INFO] Start discovering linked page: https://2025kj.zkclhb.com:2025/20231.html
2026-05-28 21:45:08 [INFO] Start discovering linked page: https://2025kj.zkclhb.com:2025/20221.html
2026-05-28 21:45:09 [INFO] Start discovering linked page: https://2025kj.zkclhb.com:2025/20211.html
2026-05-28 21:45:09 [INFO] Start discovering linked page: https://2025kj.zkclhb.com:2025/20201.html
2026-05-28 21:45:09 [INFO] Start discovering linked page: https://2025kj.zkclhb.com:2025/am1.html
2026-05-28 21:45:10 [INFO] Start saving linked page: https://2025kj.zkclhb.com:2025/hk.html
2026-05-28 21:45:10 [INFO] Linked page saved: C:\codex\test\am\pages\hk.html
2026-05-28 21:45:10 [INFO] Start saving linked page: https://2025kj.zkclhb.com:2025/am2.html
2026-05-28 21:45:10 [INFO] Linked page saved: C:\codex\test\am\pages\am2.html
2026-05-28 21:45:10 [INFO] Start saving linked page: https://2025kj.zkclhb.com:2025/am20.html
2026-05-28 21:45:11 [INFO] Linked page saved: C:\codex\test\am\pages\am20.html
2026-05-28 21:45:11 [INFO] Start saving linked page: https://2025kj.zkclhb.com:2025/am50.html
2026-05-28 21:45:11 [INFO] Linked page saved: C:\codex\test\am\pages\am50.html
2026-05-28 21:45:11 [INFO] Start saving linked page: https://2025kj.zkclhb.com:2025/am100.html
2026-05-28 21:45:11 [INFO] Linked page saved: C:\codex\test\am\pages\am100.html
2026-05-28 21:45:11 [INFO] Start saving linked page: https://2025kj.zkclhb.com:2025/am200.html
2026-05-28 21:45:11 [INFO] Linked page saved: C:\codex\test\am\pages\am200.html
2026-05-28 21:45:11 [INFO] Start saving linked page: https://2025kj.zkclhb.com:2025/2025.html
2026-05-28 21:45:11 [INFO] Linked page saved: C:\codex\test\am\pages\2025.html
2026-05-28 21:45:11 [INFO] Start saving linked page: https://2025kj.zkclhb.com:2025/2024.html
2026-05-28 21:45:12 [INFO] Linked page saved: C:\codex\test\am\pages\2024.html
2026-05-28 21:45:12 [INFO] Start saving linked page: https://2025kj.zkclhb.com:2025/2023.html
2026-05-28 21:45:12 [INFO] Linked page saved: C:\codex\test\am\pages\2023.html
2026-05-28 21:45:12 [INFO] Start saving linked page: https://2025kj.zkclhb.com:2025/2022.html
2026-05-28 21:45:12 [INFO] Linked page saved: C:\codex\test\am\pages\2022.html
2026-05-28 21:45:12 [INFO] Start saving linked page: https://2025kj.zkclhb.com:2025/2021.html
2026-05-28 21:45:12 [INFO] Linked page saved: C:\codex\test\am\pages\2021.html
2026-05-28 21:45:12 [INFO] Start saving linked page: https://2025kj.zkclhb.com:2025/2020.html
2026-05-28 21:45:12 [INFO] Linked page saved: C:\codex\test\am\pages\2020.html
2026-05-28 21:45:12 [INFO] Start saving linked page: https://2025kj.zkclhb.com:2025/hk1.html
2026-05-28 21:45:12 [INFO] Linked page saved: C:\codex\test\am\pages\hk1.html
2026-05-28 21:45:12 [INFO] Start saving linked page: https://2025kj.zkclhb.com:2025/hk2.html
2026-05-28 21:45:13 [INFO] Linked page saved: C:\codex\test\am\pages\hk2.html
2026-05-28 21:45:13 [INFO] Start saving linked page: https://2025kj.zkclhb.com:2025/hk20.html
2026-05-28 21:45:13 [INFO] Linked page saved: C:\codex\test\am\pages\hk20.html
2026-05-28 21:45:13 [INFO] Start saving linked page: https://2025kj.zkclhb.com:2025/hk50.html
2026-05-28 21:45:13 [INFO] Linked page saved: C:\codex\test\am\pages\hk50.html
2026-05-28 21:45:13 [INFO] Start saving linked page: https://2025kj.zkclhb.com:2025/hk100.html
2026-05-28 21:45:13 [INFO] Linked page saved: C:\codex\test\am\pages\hk100.html
2026-05-28 21:45:13 [INFO] Start saving linked page: https://2025kj.zkclhb.com:2025/hk200.html
2026-05-28 21:45:13 [INFO] Linked page saved: C:\codex\test\am\pages\hk200.html
2026-05-28 21:45:13 [INFO] Start saving linked page: https://2025kj.zkclhb.com:2025/20251.html
2026-05-28 21:45:14 [INFO] Linked page saved: C:\codex\test\am\pages\20251.html
2026-05-28 21:45:14 [INFO] Start saving linked page: https://2025kj.zkclhb.com:2025/20241.html
2026-05-28 21:45:14 [INFO] Linked page saved: C:\codex\test\am\pages\20241.html
2026-05-28 21:45:14 [INFO] Start saving linked page: https://2025kj.zkclhb.com:2025/20231.html
2026-05-28 21:45:14 [INFO] Linked page saved: C:\codex\test\am\pages\20231.html
2026-05-28 21:45:14 [INFO] Start saving linked page: https://2025kj.zkclhb.com:2025/20221.html
2026-05-28 21:45:14 [INFO] Linked page saved: C:\codex\test\am\pages\20221.html
2026-05-28 21:45:14 [INFO] Start saving linked page: https://2025kj.zkclhb.com:2025/20211.html
2026-05-28 21:45:14 [INFO] Linked page saved: C:\codex\test\am\pages\20211.html
2026-05-28 21:45:14 [INFO] Start saving linked page: https://2025kj.zkclhb.com:2025/20201.html
2026-05-28 21:45:15 [INFO] Linked page saved: C:\codex\test\am\pages\20201.html
2026-05-28 21:45:15 [INFO] Start saving linked page: https://2025kj.zkclhb.com:2025/am1.html
2026-05-28 21:45:15 [INFO] Linked page saved: C:\codex\test\am\pages\am1.html
2026-05-28 21:46:36 [ERROR] 无法将值“@{value=System.Object[]; Count=3}”转换为类型“System.Int32”。错误:“输入字符串的格式不正确。”
2026-05-29 21:45:02 [INFO] Start fetching: https://2025kj.zkclhb.com:2025/am.html
2026-05-29 21:45:02 [INFO] Start discovering linked page: https://2025kj.zkclhb.com:2025/hk.html
2026-05-29 21:45:03 [INFO] Start discovering linked page: https://2025kj.zkclhb.com:2025/am2.html
2026-05-29 21:45:03 [INFO] Start discovering linked page: https://2025kj.zkclhb.com:2025/am20.html
2026-05-29 21:45:03 [INFO] Start discovering linked page: https://2025kj.zkclhb.com:2025/am50.html
2026-05-29 21:45:03 [INFO] Start discovering linked page: https://2025kj.zkclhb.com:2025/am100.html
2026-05-29 21:45:04 [INFO] Start discovering linked page: https://2025kj.zkclhb.com:2025/am200.html
2026-05-29 21:45:04 [INFO] Start discovering linked page: https://2025kj.zkclhb.com:2025/2025.html
2026-05-29 21:45:04 [INFO] Start discovering linked page: https://2025kj.zkclhb.com:2025/2024.html
2026-05-29 21:45:05 [INFO] Start discovering linked page: https://2025kj.zkclhb.com:2025/2023.html
2026-05-29 21:45:05 [INFO] Start discovering linked page: https://2025kj.zkclhb.com:2025/2022.html
2026-05-29 21:45:05 [INFO] Start discovering linked page: https://2025kj.zkclhb.com:2025/2021.html
2026-05-29 21:45:06 [INFO] Start discovering linked page: https://2025kj.zkclhb.com:2025/2020.html
2026-05-29 21:45:06 [INFO] Start discovering linked page: https://2025kj.zkclhb.com:2025/hk1.html
2026-05-29 21:45:06 [INFO] Start discovering linked page: https://2025kj.zkclhb.com:2025/hk2.html
2026-05-29 21:45:07 [INFO] Start discovering linked page: https://2025kj.zkclhb.com:2025/hk20.html
2026-05-29 21:45:07 [INFO] Start discovering linked page: https://2025kj.zkclhb.com:2025/hk50.html
2026-05-29 21:45:07 [INFO] Start discovering linked page: https://2025kj.zkclhb.com:2025/hk100.html
2026-05-29 21:45:07 [INFO] Start discovering linked page: https://2025kj.zkclhb.com:2025/hk200.html
2026-05-29 21:45:08 [INFO] Start discovering linked page: https://2025kj.zkclhb.com:2025/20251.html
2026-05-29 21:45:08 [INFO] Start discovering linked page: https://2025kj.zkclhb.com:2025/20241.html
2026-05-29 21:45:08 [INFO] Start discovering linked page: https://2025kj.zkclhb.com:2025/20231.html
2026-05-29 21:45:09 [INFO] Start discovering linked page: https://2025kj.zkclhb.com:2025/20221.html
2026-05-29 21:45:09 [INFO] Start discovering linked page: https://2025kj.zkclhb.com:2025/20211.html
2026-05-29 21:45:09 [INFO] Start discovering linked page: https://2025kj.zkclhb.com:2025/20201.html
2026-05-29 21:45:09 [INFO] Start discovering linked page: https://2025kj.zkclhb.com:2025/am1.html
2026-05-29 21:45:10 [INFO] Start saving linked page: https://2025kj.zkclhb.com:2025/hk.html
2026-05-29 21:45:10 [INFO] Linked page saved: C:\codex\test\am\pages\hk.html
2026-05-29 21:45:10 [INFO] Start saving linked page: https://2025kj.zkclhb.com:2025/am2.html
2026-05-29 21:45:10 [INFO] Linked page saved: C:\codex\test\am\pages\am2.html
2026-05-29 21:45:10 [INFO] Start saving linked page: https://2025kj.zkclhb.com:2025/am20.html
2026-05-29 21:45:11 [INFO] Linked page saved: C:\codex\test\am\pages\am20.html
2026-05-29 21:45:11 [INFO] Start saving linked page: https://2025kj.zkclhb.com:2025/am50.html
2026-05-29 21:45:11 [INFO] Linked page saved: C:\codex\test\am\pages\am50.html
2026-05-29 21:45:11 [INFO] Start saving linked page: https://2025kj.zkclhb.com:2025/am100.html
2026-05-29 21:45:11 [INFO] Linked page saved: C:\codex\test\am\pages\am100.html
2026-05-29 21:45:11 [INFO] Start saving linked page: https://2025kj.zkclhb.com:2025/am200.html
2026-05-29 21:45:11 [INFO] Linked page saved: C:\codex\test\am\pages\am200.html
2026-05-29 21:45:11 [INFO] Start saving linked page: https://2025kj.zkclhb.com:2025/2025.html
2026-05-29 21:45:11 [INFO] Linked page saved: C:\codex\test\am\pages\2025.html
2026-05-29 21:45:11 [INFO] Start saving linked page: https://2025kj.zkclhb.com:2025/2024.html
2026-05-29 21:45:12 [INFO] Linked page saved: C:\codex\test\am\pages\2024.html
2026-05-29 21:45:12 [INFO] Start saving linked page: https://2025kj.zkclhb.com:2025/2023.html
2026-05-29 21:45:12 [INFO] Linked page saved: C:\codex\test\am\pages\2023.html
2026-05-29 21:45:12 [INFO] Start saving linked page: https://2025kj.zkclhb.com:2025/2022.html
2026-05-29 21:45:12 [INFO] Linked page saved: C:\codex\test\am\pages\2022.html
2026-05-29 21:45:12 [INFO] Start saving linked page: https://2025kj.zkclhb.com:2025/2021.html
2026-05-29 21:45:12 [INFO] Linked page saved: C:\codex\test\am\pages\2021.html
2026-05-29 21:45:12 [INFO] Start saving linked page: https://2025kj.zkclhb.com:2025/2020.html
2026-05-29 21:45:12 [INFO] Linked page saved: C:\codex\test\am\pages\2020.html
2026-05-29 21:45:12 [INFO] Start saving linked page: https://2025kj.zkclhb.com:2025/hk1.html
2026-05-29 21:45:13 [INFO] Linked page saved: C:\codex\test\am\pages\hk1.html
2026-05-29 21:45:13 [INFO] Start saving linked page: https://2025kj.zkclhb.com:2025/hk2.html
2026-05-29 21:45:13 [INFO] Linked page saved: C:\codex\test\am\pages\hk2.html
2026-05-29 21:45:13 [INFO] Start saving linked page: https://2025kj.zkclhb.com:2025/hk20.html
2026-05-29 21:45:13 [INFO] Linked page saved: C:\codex\test\am\pages\hk20.html
2026-05-29 21:45:13 [INFO] Start saving linked page: https://2025kj.zkclhb.com:2025/hk50.html
2026-05-29 21:45:13 [INFO] Linked page saved: C:\codex\test\am\pages\hk50.html
2026-05-29 21:45:13 [INFO] Start saving linked page: https://2025kj.zkclhb.com:2025/hk100.html
2026-05-29 21:45:13 [INFO] Linked page saved: C:\codex\test\am\pages\hk100.html
2026-05-29 21:45:13 [INFO] Start saving linked page: https://2025kj.zkclhb.com:2025/hk200.html
2026-05-29 21:45:13 [INFO] Linked page saved: C:\codex\test\am\pages\hk200.html
2026-05-29 21:45:13 [INFO] Start saving linked page: https://2025kj.zkclhb.com:2025/20251.html
2026-05-29 21:45:14 [INFO] Linked page saved: C:\codex\test\am\pages\20251.html
2026-05-29 21:45:14 [INFO] Start saving linked page: https://2025kj.zkclhb.com:2025/20241.html
2026-05-29 21:45:14 [INFO] Linked page saved: C:\codex\test\am\pages\20241.html
2026-05-29 21:45:14 [INFO] Start saving linked page: https://2025kj.zkclhb.com:2025/20231.html
2026-05-29 21:45:14 [INFO] Linked page saved: C:\codex\test\am\pages\20231.html
2026-05-29 21:45:14 [INFO] Start saving linked page: https://2025kj.zkclhb.com:2025/20221.html
2026-05-29 21:45:14 [INFO] Linked page saved: C:\codex\test\am\pages\20221.html
2026-05-29 21:45:14 [INFO] Start saving linked page: https://2025kj.zkclhb.com:2025/20211.html
2026-05-29 21:45:14 [INFO] Linked page saved: C:\codex\test\am\pages\20211.html
2026-05-29 21:45:14 [INFO] Start saving linked page: https://2025kj.zkclhb.com:2025/20201.html
2026-05-29 21:45:15 [INFO] Linked page saved: C:\codex\test\am\pages\20201.html
2026-05-29 21:45:15 [INFO] Start saving linked page: https://2025kj.zkclhb.com:2025/am1.html
2026-05-29 21:45:15 [INFO] Linked page saved: C:\codex\test\am\pages\am1.html
2026-05-29 21:47:38 [INFO] Dashboard data refreshed
2026-05-29 21:47:38 [INFO] Fetch success: C:\codex\test\am\index.html
2026-05-30 21:45:02 [INFO] Start fetching: https://2025kj.zkclhb.com:2025/am.html
2026-05-30 21:45:03 [INFO] Start discovering linked page: https://2025kj.zkclhb.com:2025/hk.html
2026-05-30 21:45:03 [INFO] Start discovering linked page: https://2025kj.zkclhb.com:2025/am2.html
2026-05-30 21:45:03 [INFO] Start discovering linked page: https://2025kj.zkclhb.com:2025/am20.html
2026-05-30 21:45:03 [INFO] Start discovering linked page: https://2025kj.zkclhb.com:2025/am50.html
2026-05-30 21:45:03 [INFO] Start discovering linked page: https://2025kj.zkclhb.com:2025/am100.html
2026-05-30 21:45:04 [INFO] Start discovering linked page: https://2025kj.zkclhb.com:2025/am200.html
2026-05-30 21:45:04 [INFO] Start discovering linked page: https://2025kj.zkclhb.com:2025/2025.html
2026-05-30 21:45:04 [INFO] Start discovering linked page: https://2025kj.zkclhb.com:2025/2024.html
2026-05-30 21:45:05 [INFO] Start discovering linked page: https://2025kj.zkclhb.com:2025/2023.html
2026-05-30 21:45:05 [INFO] Start discovering linked page: https://2025kj.zkclhb.com:2025/2022.html
2026-05-30 21:45:06 [INFO] Start discovering linked page: https://2025kj.zkclhb.com:2025/2021.html
2026-05-30 21:45:06 [INFO] Start discovering linked page: https://2025kj.zkclhb.com:2025/2020.html
2026-05-30 21:45:06 [INFO] Start discovering linked page: https://2025kj.zkclhb.com:2025/hk1.html
2026-05-30 21:45:07 [INFO] Start discovering linked page: https://2025kj.zkclhb.com:2025/hk2.html
2026-05-30 21:45:07 [INFO] Start discovering linked page: https://2025kj.zkclhb.com:2025/hk20.html
2026-05-30 21:45:07 [INFO] Start discovering linked page: https://2025kj.zkclhb.com:2025/hk50.html
2026-05-30 21:45:07 [INFO] Start discovering linked page: https://2025kj.zkclhb.com:2025/hk100.html
2026-05-30 21:45:07 [INFO] Start discovering linked page: https://2025kj.zkclhb.com:2025/hk200.html
2026-05-30 21:45:08 [INFO] Start discovering linked page: https://2025kj.zkclhb.com:2025/20251.html
2026-05-30 21:45:08 [INFO] Start discovering linked page: https://2025kj.zkclhb.com:2025/20241.html
2026-05-30 21:45:09 [INFO] Start discovering linked page: https://2025kj.zkclhb.com:2025/20231.html
2026-05-30 21:45:09 [INFO] Start discovering linked page: https://2025kj.zkclhb.com:2025/20221.html
2026-05-30 21:45:09 [INFO] Start discovering linked page: https://2025kj.zkclhb.com:2025/20211.html
2026-05-30 21:45:10 [INFO] Start discovering linked page: https://2025kj.zkclhb.com:2025/20201.html
2026-05-30 21:45:10 [INFO] Start discovering linked page: https://2025kj.zkclhb.com:2025/am1.html
2026-05-30 21:45:11 [INFO] Start saving linked page: https://2025kj.zkclhb.com:2025/hk.html
2026-05-30 21:45:11 [INFO] Linked page saved: C:\codex\test\am\pages\hk.html
2026-05-30 21:45:11 [INFO] Start saving linked page: https://2025kj.zkclhb.com:2025/am2.html
2026-05-30 21:45:12 [INFO] Linked page saved: C:\codex\test\am\pages\am2.html
2026-05-30 21:45:12 [INFO] Start saving linked page: https://2025kj.zkclhb.com:2025/am20.html
2026-05-30 21:45:12 [INFO] Linked page saved: C:\codex\test\am\pages\am20.html
2026-05-30 21:45:12 [INFO] Start saving linked page: https://2025kj.zkclhb.com:2025/am50.html
2026-05-30 21:45:12 [INFO] Linked page saved: C:\codex\test\am\pages\am50.html
2026-05-30 21:45:12 [INFO] Start saving linked page: https://2025kj.zkclhb.com:2025/am100.html
2026-05-30 21:45:12 [INFO] Linked page saved: C:\codex\test\am\pages\am100.html
2026-05-30 21:45:12 [INFO] Start saving linked page: https://2025kj.zkclhb.com:2025/am200.html
2026-05-30 21:45:12 [INFO] Linked page saved: C:\codex\test\am\pages\am200.html
2026-05-30 21:45:12 [INFO] Start saving linked page: https://2025kj.zkclhb.com:2025/2025.html
2026-05-30 21:45:13 [INFO] Linked page saved: C:\codex\test\am\pages\2025.html
2026-05-30 21:45:13 [INFO] Start saving linked page: https://2025kj.zkclhb.com:2025/2024.html
2026-05-30 21:45:13 [INFO] Linked page saved: C:\codex\test\am\pages\2024.html
2026-05-30 21:45:13 [INFO] Start saving linked page: https://2025kj.zkclhb.com:2025/2023.html
2026-05-30 21:45:13 [INFO] Linked page saved: C:\codex\test\am\pages\2023.html
2026-05-30 21:45:13 [INFO] Start saving linked page: https://2025kj.zkclhb.com:2025/2022.html
2026-05-30 21:45:13 [INFO] Linked page saved: C:\codex\test\am\pages\2022.html
2026-05-30 21:45:13 [INFO] Start saving linked page: https://2025kj.zkclhb.com:2025/2021.html
2026-05-30 21:45:14 [INFO] Linked page saved: C:\codex\test\am\pages\2021.html
2026-05-30 21:45:14 [INFO] Start saving linked page: https://2025kj.zkclhb.com:2025/2020.html
2026-05-30 21:45:14 [INFO] Linked page saved: C:\codex\test\am\pages\2020.html
2026-05-30 21:45:14 [INFO] Start saving linked page: https://2025kj.zkclhb.com:2025/hk1.html
2026-05-30 21:45:14 [INFO] Linked page saved: C:\codex\test\am\pages\hk1.html
2026-05-30 21:45:14 [INFO] Start saving linked page: https://2025kj.zkclhb.com:2025/hk2.html
2026-05-30 21:45:14 [INFO] Linked page saved: C:\codex\test\am\pages\hk2.html
2026-05-30 21:45:14 [INFO] Start saving linked page: https://2025kj.zkclhb.com:2025/hk20.html
2026-05-30 21:45:14 [INFO] Linked page saved: C:\codex\test\am\pages\hk20.html
2026-05-30 21:45:14 [INFO] Start saving linked page: https://2025kj.zkclhb.com:2025/hk50.html
2026-05-30 21:45:15 [INFO] Linked page saved: C:\codex\test\am\pages\hk50.html
2026-05-30 21:45:15 [INFO] Start saving linked page: https://2025kj.zkclhb.com:2025/hk100.html
2026-05-30 21:45:15 [INFO] Linked page saved: C:\codex\test\am\pages\hk100.html
2026-05-30 21:45:15 [INFO] Start saving linked page: https://2025kj.zkclhb.com:2025/hk200.html
2026-05-30 21:45:15 [INFO] Linked page saved: C:\codex\test\am\pages\hk200.html
2026-05-30 21:45:15 [INFO] Start saving linked page: https://2025kj.zkclhb.com:2025/20251.html
2026-05-30 21:45:15 [INFO] Linked page saved: C:\codex\test\am\pages\20251.html
2026-05-30 21:45:15 [INFO] Start saving linked page: https://2025kj.zkclhb.com:2025/20241.html
2026-05-30 21:45:15 [INFO] Linked page saved: C:\codex\test\am\pages\20241.html
2026-05-30 21:45:15 [INFO] Start saving linked page: https://2025kj.zkclhb.com:2025/20231.html
2026-05-30 21:45:16 [INFO] Linked page saved: C:\codex\test\am\pages\20231.html
2026-05-30 21:45:16 [INFO] Start saving linked page: https://2025kj.zkclhb.com:2025/20221.html
2026-05-30 21:45:16 [INFO] Linked page saved: C:\codex\test\am\pages\20221.html
2026-05-30 21:45:16 [INFO] Start saving linked page: https://2025kj.zkclhb.com:2025/20211.html
2026-05-30 21:45:16 [INFO] Linked page saved: C:\codex\test\am\pages\20211.html
2026-05-30 21:45:16 [INFO] Start saving linked page: https://2025kj.zkclhb.com:2025/20201.html
2026-05-30 21:45:16 [INFO] Linked page saved: C:\codex\test\am\pages\20201.html
2026-05-30 21:45:16 [INFO] Start saving linked page: https://2025kj.zkclhb.com:2025/am1.html
2026-05-30 21:45:16 [INFO] Linked page saved: C:\codex\test\am\pages\am1.html
2026-05-30 21:47:54 [INFO] Dashboard data refreshed
2026-05-30 21:47:54 [INFO] Fetch success: C:\codex\test\am\index.html
2026-05-31 05:33:44 [INFO] Start fetching: https://2025kj.zkclhb.com:2025/am.html
2026-05-31 05:33:47 [INFO] Start discovering linked page: https://2025kj.zkclhb.com:2025/hk.html
2026-05-31 05:33:48 [INFO] Start discovering linked page: https://2025kj.zkclhb.com:2025/am2.html
2026-05-31 05:33:49 [INFO] Start discovering linked page: https://2025kj.zkclhb.com:2025/am20.html
2026-05-31 05:33:50 [INFO] Start discovering linked page: https://2025kj.zkclhb.com:2025/am50.html
2026-05-31 05:33:51 [INFO] Start discovering linked page: https://2025kj.zkclhb.com:2025/am100.html
2026-05-31 05:33:52 [INFO] Start discovering linked page: https://2025kj.zkclhb.com:2025/am200.html
2026-05-31 05:33:53 [INFO] Start discovering linked page: https://2025kj.zkclhb.com:2025/2025.html
2026-05-31 05:33:55 [INFO] Start discovering linked page: https://2025kj.zkclhb.com:2025/2024.html
2026-05-31 05:33:57 [INFO] Start discovering linked page: https://2025kj.zkclhb.com:2025/2023.html
2026-05-31 05:33:58 [INFO] Start discovering linked page: https://2025kj.zkclhb.com:2025/2022.html
2026-05-31 05:34:00 [INFO] Start discovering linked page: https://2025kj.zkclhb.com:2025/2021.html
2026-05-31 05:34:02 [INFO] Start discovering linked page: https://2025kj.zkclhb.com:2025/2020.html
2026-05-31 05:34:03 [INFO] Start discovering linked page: https://2025kj.zkclhb.com:2025/hk1.html
2026-05-31 05:34:04 [INFO] Start discovering linked page: https://2025kj.zkclhb.com:2025/hk2.html
2026-05-31 05:34:05 [INFO] Start discovering linked page: https://2025kj.zkclhb.com:2025/hk20.html
2026-05-31 05:34:06 [INFO] Start discovering linked page: https://2025kj.zkclhb.com:2025/hk50.html
2026-05-31 05:34:07 [INFO] Start discovering linked page: https://2025kj.zkclhb.com:2025/hk100.html
2026-05-31 05:34:08 [INFO] Start discovering linked page: https://2025kj.zkclhb.com:2025/hk200.html
2026-05-31 05:34:09 [INFO] Start discovering linked page: https://2025kj.zkclhb.com:2025/20251.html
2026-05-31 05:34:10 [INFO] Start discovering linked page: https://2025kj.zkclhb.com:2025/20241.html
2026-05-31 05:34:11 [INFO] Start discovering linked page: https://2025kj.zkclhb.com:2025/20231.html
2026-05-31 05:34:13 [INFO] Start discovering linked page: https://2025kj.zkclhb.com:2025/20221.html
2026-05-31 05:34:14 [INFO] Start discovering linked page: https://2025kj.zkclhb.com:2025/20211.html
2026-05-31 05:34:16 [INFO] Start discovering linked page: https://2025kj.zkclhb.com:2025/20201.html
2026-05-31 05:34:16 [INFO] Start discovering linked page: https://2025kj.zkclhb.com:2025/am1.html
2026-05-31 05:34:20 [INFO] Start saving linked page: https://2025kj.zkclhb.com:2025/hk.html
2026-05-31 05:34:21 [INFO] Linked page saved: .\pages\hk.html
2026-05-31 05:34:21 [INFO] Start saving linked page: https://2025kj.zkclhb.com:2025/am2.html
2026-05-31 05:34:22 [INFO] Linked page saved: .\pages\am2.html
2026-05-31 05:34:22 [INFO] Start saving linked page: https://2025kj.zkclhb.com:2025/am20.html
2026-05-31 05:34:24 [INFO] Linked page saved: .\pages\am20.html
2026-05-31 05:34:24 [INFO] Start saving linked page: https://2025kj.zkclhb.com:2025/am50.html
2026-05-31 05:34:25 [INFO] Linked page saved: .\pages\am50.html
2026-05-31 05:34:25 [INFO] Start saving linked page: https://2025kj.zkclhb.com:2025/am100.html
2026-05-31 05:34:26 [INFO] Linked page saved: .\pages\am100.html
2026-05-31 05:34:26 [INFO] Start saving linked page: https://2025kj.zkclhb.com:2025/am200.html
2026-05-31 05:34:27 [INFO] Linked page saved: .\pages\am200.html
2026-05-31 05:34:27 [INFO] Start saving linked page: https://2025kj.zkclhb.com:2025/2025.html
2026-05-31 05:34:29 [INFO] Linked page saved: .\pages\2025.html
2026-05-31 05:34:29 [INFO] Start saving linked page: https://2025kj.zkclhb.com:2025/2024.html
2026-05-31 05:34:30 [INFO] Linked page saved: .\pages\2024.html
2026-05-31 05:34:30 [INFO] Start saving linked page: https://2025kj.zkclhb.com:2025/2023.html
2026-05-31 05:34:31 [INFO] Linked page saved: .\pages\2023.html
2026-05-31 05:34:31 [INFO] Start saving linked page: https://2025kj.zkclhb.com:2025/2022.html
2026-05-31 05:34:32 [INFO] Linked page saved: .\pages\2022.html
2026-05-31 05:34:32 [INFO] Start saving linked page: https://2025kj.zkclhb.com:2025/2021.html
2026-05-31 05:34:34 [INFO] Linked page saved: .\pages\2021.html
2026-05-31 05:34:34 [INFO] Start saving linked page: https://2025kj.zkclhb.com:2025/2020.html
2026-05-31 05:34:35 [INFO] Linked page saved: .\pages\2020.html
2026-05-31 05:34:35 [INFO] Start saving linked page: https://2025kj.zkclhb.com:2025/hk1.html
2026-05-31 05:34:36 [INFO] Linked page saved: .\pages\hk1.html
2026-05-31 05:34:36 [INFO] Start saving linked page: https://2025kj.zkclhb.com:2025/hk2.html
2026-05-31 05:34:37 [INFO] Linked page saved: .\pages\hk2.html
2026-05-31 05:34:37 [INFO] Start saving linked page: https://2025kj.zkclhb.com:2025/hk20.html
2026-05-31 05:34:39 [INFO] Linked page saved: .\pages\hk20.html
2026-05-31 05:34:39 [INFO] Start saving linked page: https://2025kj.zkclhb.com:2025/hk50.html
2026-05-31 05:34:40 [INFO] Linked page saved: .\pages\hk50.html
2026-05-31 05:34:40 [INFO] Start saving linked page: https://2025kj.zkclhb.com:2025/hk100.html
2026-05-31 05:34:41 [INFO] Linked page saved: .\pages\hk100.html
2026-05-31 05:34:41 [INFO] Start saving linked page: https://2025kj.zkclhb.com:2025/hk200.html
2026-05-31 05:34:42 [INFO] Linked page saved: .\pages\hk200.html
2026-05-31 05:34:42 [INFO] Start saving linked page: https://2025kj.zkclhb.com:2025/20251.html
2026-05-31 05:34:44 [INFO] Linked page saved: .\pages\20251.html
2026-05-31 05:34:44 [INFO] Start saving linked page: https://2025kj.zkclhb.com:2025/20241.html
2026-05-31 05:34:45 [INFO] Linked page saved: .\pages\20241.html
2026-05-31 05:34:45 [INFO] Start saving linked page: https://2025kj.zkclhb.com:2025/20231.html
2026-05-31 05:34:46 [INFO] Linked page saved: .\pages\20231.html
2026-05-31 05:34:46 [INFO] Start saving linked page: https://2025kj.zkclhb.com:2025/20221.html
2026-05-31 05:34:47 [INFO] Linked page saved: .\pages\20221.html
2026-05-31 05:34:47 [INFO] Start saving linked page: https://2025kj.zkclhb.com:2025/20211.html
2026-05-31 05:34:49 [INFO] Linked page saved: .\pages\20211.html
2026-05-31 05:34:49 [INFO] Start saving linked page: https://2025kj.zkclhb.com:2025/20201.html
2026-05-31 05:34:50 [INFO] Linked page saved: .\pages\20201.html
2026-05-31 05:34:50 [INFO] Start saving linked page: https://2025kj.zkclhb.com:2025/am1.html
2026-05-31 05:34:51 [INFO] Linked page saved: .\pages\am1.html
2026-05-31 05:35:44 [INFO] Dashboard data refreshed
2026-05-31 05:35:44 [INFO] Fetch success: .\index.html
2026-05-31 19:57:05 [INFO] Start fetching: https://2025kj.zkclhb.com:2025/am.html
2026-05-31 19:57:05 [INFO] Python download fallback: https://2025kj.zkclhb.com:2025/am.html
2026-05-31 19:57:06 [INFO] Start discovering linked page: https://2025kj.zkclhb.com:2025/hk.html
2026-05-31 19:57:06 [INFO] Python download fallback: https://2025kj.zkclhb.com:2025/hk.html
2026-05-31 19:57:07 [INFO] Start discovering linked page: https://2025kj.zkclhb.com:2025/am2.html
2026-05-31 19:57:07 [INFO] Python download fallback: https://2025kj.zkclhb.com:2025/am2.html
2026-05-31 19:57:07 [INFO] Start discovering linked page: https://2025kj.zkclhb.com:2025/am20.html
2026-05-31 19:57:07 [INFO] Python download fallback: https://2025kj.zkclhb.com:2025/am20.html
2026-05-31 19:57:07 [INFO] Start discovering linked page: https://2025kj.zkclhb.com:2025/am50.html
2026-05-31 19:57:07 [INFO] Python download fallback: https://2025kj.zkclhb.com:2025/am50.html
2026-05-31 19:57:08 [INFO] Start discovering linked page: https://2025kj.zkclhb.com:2025/am100.html
2026-05-31 19:57:08 [INFO] Python download fallback: https://2025kj.zkclhb.com:2025/am100.html
2026-05-31 19:57:08 [INFO] Start discovering linked page: https://2025kj.zkclhb.com:2025/am200.html
2026-05-31 19:57:09 [INFO] Python download fallback: https://2025kj.zkclhb.com:2025/am200.html
2026-05-31 19:57:09 [INFO] Start discovering linked page: https://2025kj.zkclhb.com:2025/2025.html
2026-05-31 19:57:09 [INFO] Python download fallback: https://2025kj.zkclhb.com:2025/2025.html
2026-05-31 19:57:10 [INFO] Start discovering linked page: https://2025kj.zkclhb.com:2025/2024.html
2026-05-31 19:57:10 [INFO] Python download fallback: https://2025kj.zkclhb.com:2025/2024.html
2026-05-31 19:57:11 [INFO] Start discovering linked page: https://2025kj.zkclhb.com:2025/2023.html
2026-05-31 19:57:11 [INFO] Python download fallback: https://2025kj.zkclhb.com:2025/2023.html
2026-05-31 19:57:11 [INFO] Start discovering linked page: https://2025kj.zkclhb.com:2025/2022.html
2026-05-31 19:57:12 [INFO] Python download fallback: https://2025kj.zkclhb.com:2025/2022.html
2026-05-31 19:57:12 [INFO] Start discovering linked page: https://2025kj.zkclhb.com:2025/2021.html
2026-05-31 19:57:12 [INFO] Python download fallback: https://2025kj.zkclhb.com:2025/2021.html
2026-05-31 19:57:13 [INFO] Start discovering linked page: https://2025kj.zkclhb.com:2025/2020.html
2026-05-31 19:57:13 [INFO] Python download fallback: https://2025kj.zkclhb.com:2025/2020.html
2026-05-31 19:57:14 [INFO] Start discovering linked page: https://2025kj.zkclhb.com:2025/hk1.html
2026-05-31 19:57:14 [INFO] Python download fallback: https://2025kj.zkclhb.com:2025/hk1.html
2026-05-31 19:57:14 [INFO] Start discovering linked page: https://2025kj.zkclhb.com:2025/hk2.html
2026-05-31 19:57:14 [INFO] Python download fallback: https://2025kj.zkclhb.com:2025/hk2.html
2026-05-31 19:57:15 [INFO] Start discovering linked page: https://2025kj.zkclhb.com:2025/hk20.html
2026-05-31 19:57:15 [INFO] Python download fallback: https://2025kj.zkclhb.com:2025/hk20.html
2026-05-31 19:57:15 [INFO] Start discovering linked page: https://2025kj.zkclhb.com:2025/hk50.html
2026-05-31 19:57:15 [INFO] Python download fallback: https://2025kj.zkclhb.com:2025/hk50.html
2026-05-31 19:57:16 [INFO] Start discovering linked page: https://2025kj.zkclhb.com:2025/hk100.html
2026-05-31 19:57:16 [INFO] Python download fallback: https://2025kj.zkclhb.com:2025/hk100.html
2026-05-31 19:57:16 [INFO] Start discovering linked page: https://2025kj.zkclhb.com:2025/hk200.html
2026-05-31 19:57:16 [INFO] Python download fallback: https://2025kj.zkclhb.com:2025/hk200.html
2026-05-31 19:57:17 [INFO] Start discovering linked page: https://2025kj.zkclhb.com:2025/20251.html
2026-05-31 19:57:17 [INFO] Python download fallback: https://2025kj.zkclhb.com:2025/20251.html
2026-05-31 19:57:17 [INFO] Start discovering linked page: https://2025kj.zkclhb.com:2025/20241.html
2026-05-31 19:57:17 [INFO] Python download fallback: https://2025kj.zkclhb.com:2025/20241.html
2026-05-31 19:57:18 [INFO] Start discovering linked page: https://2025kj.zkclhb.com:2025/20231.html
2026-05-31 19:57:18 [INFO] Python download fallback: https://2025kj.zkclhb.com:2025/20231.html
2026-05-31 19:57:18 [INFO] Start discovering linked page: https://2025kj.zkclhb.com:2025/20221.html
2026-05-31 19:57:18 [INFO] Python download fallback: https://2025kj.zkclhb.com:2025/20221.html
2026-05-31 19:57:19 [INFO] Start discovering linked page: https://2025kj.zkclhb.com:2025/20211.html
2026-05-31 19:57:19 [INFO] Python download fallback: https://2025kj.zkclhb.com:2025/20211.html
2026-05-31 19:57:20 [INFO] Start discovering linked page: https://2025kj.zkclhb.com:2025/20201.html
2026-05-31 19:57:20 [INFO] Python download fallback: https://2025kj.zkclhb.com:2025/20201.html
2026-05-31 19:57:20 [INFO] Start discovering linked page: https://2025kj.zkclhb.com:2025/am1.html
2026-05-31 19:57:20 [INFO] Python download fallback: https://2025kj.zkclhb.com:2025/am1.html
2026-05-31 19:57:20 [INFO] Python download fallback: https://2025kj.zkclhb.com:2025/static/js/njs.js
2026-05-31 19:57:21 [INFO] Python download fallback: https://2025kj.zkclhb.com:2025/static/css/history.css
2026-05-31 19:57:21 [INFO] Python download fallback: https://2025kj.zkclhb.com:2025/static/js/njs.js
2026-05-31 19:57:22 [INFO] Python download fallback: https://2025kj.zkclhb.com:2025/static/css/history.css
2026-05-31 19:57:22 [INFO] Start saving linked page: https://2025kj.zkclhb.com:2025/hk.html
2026-05-31 19:57:22 [INFO] Python download fallback: https://2025kj.zkclhb.com:2025/static/js/njs.js
2026-05-31 19:57:22 [INFO] Python download fallback: https://2025kj.zkclhb.com:2025/static/css/history.css
2026-05-31 19:57:23 [INFO] Linked page saved: .\pages\hk.html
2026-05-31 19:57:23 [INFO] Start saving linked page: https://2025kj.zkclhb.com:2025/am2.html
2026-05-31 19:57:23 [INFO] Python download fallback: https://2025kj.zkclhb.com:2025/static/js/njs.js
2026-05-31 19:57:23 [INFO] Python download fallback: https://2025kj.zkclhb.com:2025/static/css/history.css
2026-05-31 19:57:24 [INFO] Linked page saved: .\pages\am2.html
2026-05-31 19:57:24 [INFO] Start saving linked page: https://2025kj.zkclhb.com:2025/am20.html
2026-05-31 19:57:24 [INFO] Python download fallback: https://2025kj.zkclhb.com:2025/static/js/njs.js
2026-05-31 19:57:24 [INFO] Python download fallback: https://2025kj.zkclhb.com:2025/static/css/history.css
2026-05-31 19:57:25 [INFO] Linked page saved: .\pages\am20.html
2026-05-31 19:57:25 [INFO] Start saving linked page: https://2025kj.zkclhb.com:2025/am50.html
2026-05-31 19:57:25 [INFO] Python download fallback: https://2025kj.zkclhb.com:2025/static/js/njs.js
2026-05-31 19:57:25 [INFO] Python download fallback: https://2025kj.zkclhb.com:2025/static/css/history.css
2026-05-31 19:57:26 [INFO] Linked page saved: .\pages\am50.html
2026-05-31 19:57:26 [INFO] Start saving linked page: https://2025kj.zkclhb.com:2025/am100.html
2026-05-31 19:57:26 [INFO] Python download fallback: https://2025kj.zkclhb.com:2025/static/js/njs.js
2026-05-31 19:57:26 [INFO] Python download fallback: https://2025kj.zkclhb.com:2025/static/css/history.css
2026-05-31 19:57:26 [INFO] Linked page saved: .\pages\am100.html
2026-05-31 19:57:26 [INFO] Start saving linked page: https://2025kj.zkclhb.com:2025/am200.html
2026-05-31 19:57:26 [INFO] Python download fallback: https://2025kj.zkclhb.com:2025/static/js/njs.js
2026-05-31 19:57:27 [INFO] Python download fallback: https://2025kj.zkclhb.com:2025/static/css/history.css
2026-05-31 19:57:27 [INFO] Linked page saved: .\pages\am200.html
2026-05-31 19:57:27 [INFO] Start saving linked page: https://2025kj.zkclhb.com:2025/2025.html
2026-05-31 19:57:27 [INFO] Python download fallback: https://2025kj.zkclhb.com:2025/static/js/njs.js
2026-05-31 19:57:27 [INFO] Python download fallback: https://2025kj.zkclhb.com:2025/static/css/history.css
2026-05-31 19:57:28 [INFO] Linked page saved: .\pages\2025.html
2026-05-31 19:57:28 [INFO] Start saving linked page: https://2025kj.zkclhb.com:2025/2024.html
2026-05-31 19:57:28 [INFO] Python download fallback: https://2025kj.zkclhb.com:2025/static/js/njs.js
2026-05-31 19:57:28 [INFO] Python download fallback: https://2025kj.zkclhb.com:2025/static/css/history.css
2026-05-31 19:57:29 [INFO] Linked page saved: .\pages\2024.html
2026-05-31 19:57:29 [INFO] Start saving linked page: https://2025kj.zkclhb.com:2025/2023.html
2026-05-31 19:57:29 [INFO] Python download fallback: https://2025kj.zkclhb.com:2025/static/js/njs.js
2026-05-31 19:57:29 [INFO] Python download fallback: https://2025kj.zkclhb.com:2025/static/css/history.css
2026-05-31 19:57:29 [INFO] Linked page saved: .\pages\2023.html
2026-05-31 19:57:29 [INFO] Start saving linked page: https://2025kj.zkclhb.com:2025/2022.html
2026-05-31 19:57:29 [INFO] Python download fallback: https://2025kj.zkclhb.com:2025/static/js/njs.js
2026-05-31 19:57:30 [INFO] Python download fallback: https://2025kj.zkclhb.com:2025/static/css/history.css
2026-05-31 19:57:30 [INFO] Linked page saved: .\pages\2022.html
2026-05-31 19:57:30 [INFO] Start saving linked page: https://2025kj.zkclhb.com:2025/2021.html
2026-05-31 19:57:30 [INFO] Python download fallback: https://2025kj.zkclhb.com:2025/static/js/njs.js
2026-05-31 19:57:31 [INFO] Python download fallback: https://2025kj.zkclhb.com:2025/static/css/history.css
2026-05-31 19:57:31 [INFO] Linked page saved: .\pages\2021.html
2026-05-31 19:57:31 [INFO] Start saving linked page: https://2025kj.zkclhb.com:2025/2020.html
2026-05-31 19:57:31 [INFO] Python download fallback: https://2025kj.zkclhb.com:2025/static/js/njs.js
2026-05-31 19:57:31 [INFO] Python download fallback: https://2025kj.zkclhb.com:2025/static/css/history.css
2026-05-31 19:57:32 [INFO] Linked page saved: .\pages\2020.html
2026-05-31 19:57:32 [INFO] Start saving linked page: https://2025kj.zkclhb.com:2025/hk1.html
2026-05-31 19:57:32 [INFO] Python download fallback: https://2025kj.zkclhb.com:2025/static/js/njs.js
2026-05-31 19:57:32 [INFO] Python download fallback: https://2025kj.zkclhb.com:2025/static/css/history.css
2026-05-31 19:57:33 [INFO] Linked page saved: .\pages\hk1.html
2026-05-31 19:57:33 [INFO] Start saving linked page: https://2025kj.zkclhb.com:2025/hk2.html
2026-05-31 19:57:33 [INFO] Python download fallback: https://2025kj.zkclhb.com:2025/static/js/njs.js
2026-05-31 19:57:33 [INFO] Python download fallback: https://2025kj.zkclhb.com:2025/static/css/history.css
2026-05-31 19:57:34 [INFO] Linked page saved: .\pages\hk2.html
2026-05-31 19:57:34 [INFO] Start saving linked page: https://2025kj.zkclhb.com:2025/hk20.html
2026-05-31 19:57:34 [INFO] Python download fallback: https://2025kj.zkclhb.com:2025/static/js/njs.js
2026-05-31 19:57:34 [INFO] Python download fallback: https://2025kj.zkclhb.com:2025/static/css/history.css
2026-05-31 19:57:34 [INFO] Linked page saved: .\pages\hk20.html
2026-05-31 19:57:34 [INFO] Start saving linked page: https://2025kj.zkclhb.com:2025/hk50.html
2026-05-31 19:57:34 [INFO] Python download fallback: https://2025kj.zkclhb.com:2025/static/js/njs.js
2026-05-31 19:57:35 [INFO] Python download fallback: https://2025kj.zkclhb.com:2025/static/css/history.css
2026-05-31 19:57:35 [INFO] Linked page saved: .\pages\hk50.html
2026-05-31 19:57:35 [INFO] Start saving linked page: https://2025kj.zkclhb.com:2025/hk100.html
2026-05-31 19:57:35 [INFO] Python download fallback: https://2025kj.zkclhb.com:2025/static/js/njs.js
2026-05-31 19:57:36 [INFO] Python download fallback: https://2025kj.zkclhb.com:2025/static/css/history.css
2026-05-31 19:57:36 [INFO] Linked page saved: .\pages\hk100.html
2026-05-31 19:57:36 [INFO] Start saving linked page: https://2025kj.zkclhb.com:2025/hk200.html
2026-05-31 19:57:36 [INFO] Python download fallback: https://2025kj.zkclhb.com:2025/static/js/njs.js
2026-05-31 19:57:36 [INFO] Python download fallback: https://2025kj.zkclhb.com:2025/static/css/history.css
2026-05-31 19:57:37 [INFO] Linked page saved: .\pages\hk200.html
2026-05-31 19:57:37 [INFO] Start saving linked page: https://2025kj.zkclhb.com:2025/20251.html
2026-05-31 19:57:37 [INFO] Python download fallback: https://2025kj.zkclhb.com:2025/static/js/njs.js
2026-05-31 19:57:37 [INFO] Python download fallback: https://2025kj.zkclhb.com:2025/static/css/history.css
2026-05-31 19:57:38 [INFO] Linked page saved: .\pages\20251.html
2026-05-31 19:57:38 [INFO] Start saving linked page: https://2025kj.zkclhb.com:2025/20241.html
2026-05-31 19:57:38 [INFO] Python download fallback: https://2025kj.zkclhb.com:2025/static/js/njs.js
2026-05-31 19:57:38 [INFO] Python download fallback: https://2025kj.zkclhb.com:2025/static/css/history.css
2026-05-31 19:57:38 [INFO] Linked page saved: .\pages\20241.html
2026-05-31 19:57:38 [INFO] Start saving linked page: https://2025kj.zkclhb.com:2025/20231.html
2026-05-31 19:57:38 [INFO] Python download fallback: https://2025kj.zkclhb.com:2025/static/js/njs.js
2026-05-31 19:57:39 [INFO] Python download fallback: https://2025kj.zkclhb.com:2025/static/css/history.css
2026-05-31 19:57:39 [INFO] Linked page saved: .\pages\20231.html
2026-05-31 19:57:39 [INFO] Start saving linked page: https://2025kj.zkclhb.com:2025/20221.html
2026-05-31 19:57:39 [INFO] Python download fallback: https://2025kj.zkclhb.com:2025/static/js/njs.js
2026-05-31 19:57:40 [INFO] Python download fallback: https://2025kj.zkclhb.com:2025/static/css/history.css
2026-05-31 19:57:40 [INFO] Linked page saved: .\pages\20221.html
2026-05-31 19:57:40 [INFO] Start saving linked page: https://2025kj.zkclhb.com:2025/20211.html
2026-05-31 19:57:40 [INFO] Python download fallback: https://2025kj.zkclhb.com:2025/static/js/njs.js
2026-05-31 19:57:41 [INFO] Python download fallback: https://2025kj.zkclhb.com:2025/static/css/history.css
2026-05-31 19:57:41 [INFO] Linked page saved: .\pages\20211.html
2026-05-31 19:57:41 [INFO] Start saving linked page: https://2025kj.zkclhb.com:2025/20201.html
2026-05-31 19:57:41 [INFO] Python download fallback: https://2025kj.zkclhb.com:2025/static/js/njs.js
2026-05-31 19:57:41 [INFO] Python download fallback: https://2025kj.zkclhb.com:2025/static/css/history.css
2026-05-31 19:57:42 [INFO] Linked page saved: .\pages\20201.html
2026-05-31 19:57:42 [INFO] Start saving linked page: https://2025kj.zkclhb.com:2025/am1.html
2026-05-31 19:57:42 [INFO] Python download fallback: https://2025kj.zkclhb.com:2025/static/js/njs.js
2026-05-31 19:57:42 [INFO] Python download fallback: https://2025kj.zkclhb.com:2025/static/css/history.css
2026-05-31 19:57:43 [INFO] Linked page saved: .\pages\am1.html
2026-05-31 20:02:45 [INFO] Start fetching: https://2025kj.zkclhb.com:2025/am.html
2026-05-31 20:02:45 [INFO] Python download fallback: https://2025kj.zkclhb.com:2025/am.html
2026-05-31 20:02:46 [INFO] Start discovering linked page: https://2025kj.zkclhb.com:2025/hk.html
2026-05-31 20:02:46 [INFO] Python download fallback: https://2025kj.zkclhb.com:2025/hk.html
2026-05-31 20:02:46 [INFO] Start discovering linked page: https://2025kj.zkclhb.com:2025/am2.html
2026-05-31 20:02:47 [INFO] Python download fallback: https://2025kj.zkclhb.com:2025/am2.html
2026-05-31 20:02:47 [INFO] Start discovering linked page: https://2025kj.zkclhb.com:2025/am20.html
2026-05-31 20:02:47 [INFO] Python download fallback: https://2025kj.zkclhb.com:2025/am20.html
2026-05-31 20:02:48 [INFO] Start discovering linked page: https://2025kj.zkclhb.com:2025/am50.html
2026-05-31 20:02:48 [INFO] Python download fallback: https://2025kj.zkclhb.com:2025/am50.html
2026-05-31 20:02:48 [INFO] Start discovering linked page: https://2025kj.zkclhb.com:2025/am100.html
2026-05-31 20:02:48 [INFO] Python download fallback: https://2025kj.zkclhb.com:2025/am100.html
2026-05-31 20:02:49 [INFO] Start discovering linked page: https://2025kj.zkclhb.com:2025/am200.html
2026-05-31 20:02:49 [INFO] Python download fallback: https://2025kj.zkclhb.com:2025/am200.html
2026-05-31 20:02:50 [INFO] Start discovering linked page: https://2025kj.zkclhb.com:2025/2025.html
2026-05-31 20:02:50 [INFO] Python download fallback: https://2025kj.zkclhb.com:2025/2025.html
2026-05-31 20:02:51 [INFO] Start discovering linked page: https://2025kj.zkclhb.com:2025/2024.html
2026-05-31 20:02:51 [INFO] Python download fallback: https://2025kj.zkclhb.com:2025/2024.html
2026-05-31 20:02:52 [INFO] Start discovering linked page: https://2025kj.zkclhb.com:2025/2023.html
2026-05-31 20:02:52 [INFO] Python download fallback: https://2025kj.zkclhb.com:2025/2023.html
2026-05-31 20:02:53 [INFO] Start discovering linked page: https://2025kj.zkclhb.com:2025/2022.html
2026-05-31 20:02:53 [INFO] Python download fallback: https://2025kj.zkclhb.com:2025/2022.html
2026-05-31 20:02:54 [INFO] Start discovering linked page: https://2025kj.zkclhb.com:2025/2021.html
2026-05-31 20:02:54 [INFO] Python download fallback: https://2025kj.zkclhb.com:2025/2021.html
2026-05-31 20:02:55 [INFO] Start discovering linked page: https://2025kj.zkclhb.com:2025/2020.html
2026-05-31 20:02:55 [INFO] Python download fallback: https://2025kj.zkclhb.com:2025/2020.html
2026-05-31 20:02:56 [INFO] Start discovering linked page: https://2025kj.zkclhb.com:2025/hk1.html
2026-05-31 20:02:56 [INFO] Python download fallback: https://2025kj.zkclhb.com:2025/hk1.html
2026-05-31 20:02:56 [INFO] Start discovering linked page: https://2025kj.zkclhb.com:2025/hk2.html
2026-05-31 20:02:56 [INFO] Python download fallback: https://2025kj.zkclhb.com:2025/hk2.html
2026-05-31 20:02:57 [INFO] Start discovering linked page: https://2025kj.zkclhb.com:2025/hk20.html
2026-05-31 20:02:57 [INFO] Python download fallback: https://2025kj.zkclhb.com:2025/hk20.html
2026-05-31 20:02:57 [INFO] Start discovering linked page: https://2025kj.zkclhb.com:2025/hk50.html
2026-05-31 20:02:57 [INFO] Python download fallback: https://2025kj.zkclhb.com:2025/hk50.html
2026-05-31 20:02:57 [INFO] Start discovering linked page: https://2025kj.zkclhb.com:2025/hk100.html
2026-05-31 20:02:58 [INFO] Python download fallback: https://2025kj.zkclhb.com:2025/hk100.html
2026-05-31 20:02:58 [INFO] Start discovering linked page: https://2025kj.zkclhb.com:2025/hk200.html
2026-05-31 20:02:58 [INFO] Python download fallback: https://2025kj.zkclhb.com:2025/hk200.html
2026-05-31 20:02:58 [INFO] Start discovering linked page: https://2025kj.zkclhb.com:2025/20251.html
2026-05-31 20:02:58 [INFO] Python download fallback: https://2025kj.zkclhb.com:2025/20251.html
2026-05-31 20:02:59 [INFO] Start discovering linked page: https://2025kj.zkclhb.com:2025/20241.html
2026-05-31 20:02:59 [INFO] Python download fallback: https://2025kj.zkclhb.com:2025/20241.html
2026-05-31 20:03:00 [INFO] Start discovering linked page: https://2025kj.zkclhb.com:2025/20231.html
2026-05-31 20:03:00 [INFO] Python download fallback: https://2025kj.zkclhb.com:2025/20231.html
2026-05-31 20:03:00 [INFO] Start discovering linked page: https://2025kj.zkclhb.com:2025/20221.html
2026-05-31 20:03:00 [INFO] Python download fallback: https://2025kj.zkclhb.com:2025/20221.html
2026-05-31 20:03:01 [INFO] Start discovering linked page: https://2025kj.zkclhb.com:2025/20211.html
2026-05-31 20:03:01 [INFO] Python download fallback: https://2025kj.zkclhb.com:2025/20211.html
2026-05-31 20:03:01 [INFO] Start discovering linked page: https://2025kj.zkclhb.com:2025/20201.html
2026-05-31 20:03:01 [INFO] Python download fallback: https://2025kj.zkclhb.com:2025/20201.html
2026-05-31 20:03:02 [INFO] Start discovering linked page: https://2025kj.zkclhb.com:2025/am1.html
2026-05-31 20:03:02 [INFO] Python download fallback: https://2025kj.zkclhb.com:2025/am1.html
2026-05-31 20:03:02 [INFO] Start saving linked page: https://2025kj.zkclhb.com:2025/hk.html
2026-05-31 20:03:02 [INFO] Linked page saved: .\pages\hk.html
2026-05-31 20:03:02 [INFO] Start saving linked page: https://2025kj.zkclhb.com:2025/am2.html
2026-05-31 20:03:02 [INFO] Linked page saved: .\pages\am2.html
2026-05-31 20:03:02 [INFO] Start saving linked page: https://2025kj.zkclhb.com:2025/am20.html
2026-05-31 20:03:02 [INFO] Linked page saved: .\pages\am20.html
2026-05-31 20:03:02 [INFO] Start saving linked page: https://2025kj.zkclhb.com:2025/am50.html
2026-05-31 20:03:02 [INFO] Linked page saved: .\pages\am50.html
2026-05-31 20:03:02 [INFO] Start saving linked page: https://2025kj.zkclhb.com:2025/am100.html
2026-05-31 20:03:02 [INFO] Linked page saved: .\pages\am100.html
2026-05-31 20:03:02 [INFO] Start saving linked page: https://2025kj.zkclhb.com:2025/am200.html
2026-05-31 20:03:02 [INFO] Linked page saved: .\pages\am200.html
2026-05-31 20:03:02 [INFO] Start saving linked page: https://2025kj.zkclhb.com:2025/2025.html
2026-05-31 20:03:02 [INFO] Linked page saved: .\pages\2025.html
2026-05-31 20:03:02 [INFO] Start saving linked page: https://2025kj.zkclhb.com:2025/2024.html
2026-05-31 20:03:02 [INFO] Linked page saved: .\pages\2024.html
2026-05-31 20:03:02 [INFO] Start saving linked page: https://2025kj.zkclhb.com:2025/2023.html
2026-05-31 20:03:02 [INFO] Linked page saved: .\pages\2023.html
2026-05-31 20:03:02 [INFO] Start saving linked page: https://2025kj.zkclhb.com:2025/2022.html
2026-05-31 20:03:02 [INFO] Linked page saved: .\pages\2022.html
2026-05-31 20:03:02 [INFO] Start saving linked page: https://2025kj.zkclhb.com:2025/2021.html
2026-05-31 20:03:02 [INFO] Linked page saved: .\pages\2021.html
2026-05-31 20:03:02 [INFO] Start saving linked page: https://2025kj.zkclhb.com:2025/2020.html
2026-05-31 20:03:02 [INFO] Linked page saved: .\pages\2020.html
2026-05-31 20:03:02 [INFO] Start saving linked page: https://2025kj.zkclhb.com:2025/hk1.html
2026-05-31 20:03:02 [INFO] Linked page saved: .\pages\hk1.html
2026-05-31 20:03:02 [INFO] Start saving linked page: https://2025kj.zkclhb.com:2025/hk2.html
2026-05-31 20:03:02 [INFO] Linked page saved: .\pages\hk2.html
2026-05-31 20:03:02 [INFO] Start saving linked page: https://2025kj.zkclhb.com:2025/hk20.html
2026-05-31 20:03:02 [INFO] Linked page saved: .\pages\hk20.html
2026-05-31 20:03:02 [INFO] Start saving linked page: https://2025kj.zkclhb.com:2025/hk50.html
2026-05-31 20:03:02 [INFO] Linked page saved: .\pages\hk50.html
2026-05-31 20:03:02 [INFO] Start saving linked page: https://2025kj.zkclhb.com:2025/hk100.html
2026-05-31 20:03:02 [INFO] Linked page saved: .\pages\hk100.html
2026-05-31 20:03:02 [INFO] Start saving linked page: https://2025kj.zkclhb.com:2025/hk200.html
2026-05-31 20:03:02 [INFO] Linked page saved: .\pages\hk200.html
2026-05-31 20:03:02 [INFO] Start saving linked page: https://2025kj.zkclhb.com:2025/20251.html
2026-05-31 20:03:03 [INFO] Linked page saved: .\pages\20251.html
2026-05-31 20:03:03 [INFO] Start saving linked page: https://2025kj.zkclhb.com:2025/20241.html
2026-05-31 20:03:03 [INFO] Linked page saved: .\pages\20241.html
2026-05-31 20:03:03 [INFO] Start saving linked page: https://2025kj.zkclhb.com:2025/20231.html
2026-05-31 20:03:03 [INFO] Linked page saved: .\pages\20231.html
2026-05-31 20:03:03 [INFO] Start saving linked page: https://2025kj.zkclhb.com:2025/20221.html
2026-05-31 20:03:03 [INFO] Linked page saved: .\pages\20221.html
2026-05-31 20:03:03 [INFO] Start saving linked page: https://2025kj.zkclhb.com:2025/20211.html
2026-05-31 20:03:03 [INFO] Linked page saved: .\pages\20211.html
2026-05-31 20:03:03 [INFO] Start saving linked page: https://2025kj.zkclhb.com:2025/20201.html
2026-05-31 20:03:03 [INFO] Linked page saved: .\pages\20201.html
2026-05-31 20:03:03 [INFO] Start saving linked page: https://2025kj.zkclhb.com:2025/am1.html
2026-05-31 20:03:03 [INFO] Linked page saved: .\pages\am1.html
2026-05-31 20:06:29 [INFO] Dashboard data refreshed
2026-05-31 20:06:29 [INFO] Fetch success: .\index.html
2026-05-31 14:41:15 [INFO] Start fetching: https://2025kj.zkclhb.com:2025/am.html
2026-05-31 14:41:17 [INFO] Start discovering linked page: https://2025kj.zkclhb.com:2025/hk.html
2026-05-31 14:41:18 [INFO] Start discovering linked page: https://2025kj.zkclhb.com:2025/am2.html
2026-05-31 14:41:19 [INFO] Start discovering linked page: https://2025kj.zkclhb.com:2025/am20.html
2026-05-31 14:41:19 [INFO] Start discovering linked page: https://2025kj.zkclhb.com:2025/am50.html
2026-05-31 14:41:20 [INFO] Start discovering linked page: https://2025kj.zkclhb.com:2025/am100.html
2026-05-31 14:41:21 [INFO] Start discovering linked page: https://2025kj.zkclhb.com:2025/am200.html
2026-05-31 14:41:22 [INFO] Start discovering linked page: https://2025kj.zkclhb.com:2025/2025.html
2026-05-31 14:41:23 [INFO] Start discovering linked page: https://2025kj.zkclhb.com:2025/2024.html
2026-05-31 14:41:25 [INFO] Start discovering linked page: https://2025kj.zkclhb.com:2025/2023.html
2026-05-31 14:41:26 [INFO] Start discovering linked page: https://2025kj.zkclhb.com:2025/2022.html
2026-05-31 14:41:27 [INFO] Start discovering linked page: https://2025kj.zkclhb.com:2025/2021.html
2026-05-31 14:41:29 [INFO] Start discovering linked page: https://2025kj.zkclhb.com:2025/2020.html
2026-05-31 14:41:30 [INFO] Start discovering linked page: https://2025kj.zkclhb.com:2025/hk1.html
2026-05-31 14:41:30 [INFO] Start discovering linked page: https://2025kj.zkclhb.com:2025/hk2.html
2026-05-31 14:41:31 [INFO] Start discovering linked page: https://2025kj.zkclhb.com:2025/hk20.html
2026-05-31 14:41:31 [INFO] Start discovering linked page: https://2025kj.zkclhb.com:2025/hk50.html
2026-05-31 14:41:32 [INFO] Start discovering linked page: https://2025kj.zkclhb.com:2025/hk100.html
2026-05-31 14:41:33 [INFO] Start discovering linked page: https://2025kj.zkclhb.com:2025/hk200.html
2026-05-31 14:41:34 [INFO] Start discovering linked page: https://2025kj.zkclhb.com:2025/20251.html
2026-05-31 14:41:35 [INFO] Start discovering linked page: https://2025kj.zkclhb.com:2025/20241.html
2026-05-31 14:41:36 [INFO] Start discovering linked page: https://2025kj.zkclhb.com:2025/20231.html
2026-05-31 14:41:37 [INFO] Start discovering linked page: https://2025kj.zkclhb.com:2025/20221.html
2026-05-31 14:41:38 [INFO] Start discovering linked page: https://2025kj.zkclhb.com:2025/20211.html
2026-05-31 14:41:39 [INFO] Start discovering linked page: https://2025kj.zkclhb.com:2025/20201.html
2026-05-31 14:41:40 [INFO] Start discovering linked page: https://2025kj.zkclhb.com:2025/am1.html
2026-05-31 14:41:40 [INFO] Start saving linked page: https://2025kj.zkclhb.com:2025/hk.html
2026-05-31 14:41:40 [INFO] Linked page saved: .\pages\hk.html
2026-05-31 14:41:40 [INFO] Start saving linked page: https://2025kj.zkclhb.com:2025/am2.html
2026-05-31 14:41:40 [INFO] Linked page saved: .\pages\am2.html
2026-05-31 14:41:40 [INFO] Start saving linked page: https://2025kj.zkclhb.com:2025/am20.html
2026-05-31 14:41:40 [INFO] Linked page saved: .\pages\am20.html
2026-05-31 14:41:40 [INFO] Start saving linked page: https://2025kj.zkclhb.com:2025/am50.html
2026-05-31 14:41:40 [INFO] Linked page saved: .\pages\am50.html
2026-05-31 14:41:40 [INFO] Start saving linked page: https://2025kj.zkclhb.com:2025/am100.html
2026-05-31 14:41:40 [INFO] Linked page saved: .\pages\am100.html
2026-05-31 14:41:40 [INFO] Start saving linked page: https://2025kj.zkclhb.com:2025/am200.html
2026-05-31 14:41:40 [INFO] Linked page saved: .\pages\am200.html
2026-05-31 14:41:40 [INFO] Start saving linked page: https://2025kj.zkclhb.com:2025/2025.html
2026-05-31 14:41:40 [INFO] Linked page saved: .\pages\2025.html
2026-05-31 14:41:40 [INFO] Start saving linked page: https://2025kj.zkclhb.com:2025/2024.html
2026-05-31 14:41:40 [INFO] Linked page saved: .\pages\2024.html
2026-05-31 14:41:40 [INFO] Start saving linked page: https://2025kj.zkclhb.com:2025/2023.html
2026-05-31 14:41:40 [INFO] Linked page saved: .\pages\2023.html
2026-05-31 14:41:40 [INFO] Start saving linked page: https://2025kj.zkclhb.com:2025/2022.html
2026-05-31 14:41:40 [INFO] Linked page saved: .\pages\2022.html
2026-05-31 14:41:40 [INFO] Start saving linked page: https://2025kj.zkclhb.com:2025/2021.html
2026-05-31 14:41:40 [INFO] Linked page saved: .\pages\2021.html
2026-05-31 14:41:40 [INFO] Start saving linked page: https://2025kj.zkclhb.com:2025/2020.html
2026-05-31 14:41:40 [INFO] Linked page saved: .\pages\2020.html
2026-05-31 14:41:40 [INFO] Start saving linked page: https://2025kj.zkclhb.com:2025/hk1.html
2026-05-31 14:41:40 [INFO] Linked page saved: .\pages\hk1.html
2026-05-31 14:41:40 [INFO] Start saving linked page: https://2025kj.zkclhb.com:2025/hk2.html
2026-05-31 14:41:40 [INFO] Linked page saved: .\pages\hk2.html
2026-05-31 14:41:40 [INFO] Start saving linked page: https://2025kj.zkclhb.com:2025/hk20.html
2026-05-31 14:41:40 [INFO] Linked page saved: .\pages\hk20.html
2026-05-31 14:41:40 [INFO] Start saving linked page: https://2025kj.zkclhb.com:2025/hk50.html
2026-05-31 14:41:40 [INFO] Linked page saved: .\pages\hk50.html
2026-05-31 14:41:40 [INFO] Start saving linked page: https://2025kj.zkclhb.com:2025/hk100.html
2026-05-31 14:41:40 [INFO] Linked page saved: .\pages\hk100.html
2026-05-31 14:41:40 [INFO] Start saving linked page: https://2025kj.zkclhb.com:2025/hk200.html
2026-05-31 14:41:41 [INFO] Linked page saved: .\pages\hk200.html
2026-05-31 14:41:41 [INFO] Start saving linked page: https://2025kj.zkclhb.com:2025/20251.html
2026-05-31 14:41:41 [INFO] Linked page saved: .\pages\20251.html
2026-05-31 14:41:41 [INFO] Start saving linked page: https://2025kj.zkclhb.com:2025/20241.html
2026-05-31 14:41:41 [INFO] Linked page saved: .\pages\20241.html
2026-05-31 14:41:41 [INFO] Start saving linked page: https://2025kj.zkclhb.com:2025/20231.html
2026-05-31 14:41:41 [INFO] Linked page saved: .\pages\20231.html
2026-05-31 14:41:41 [INFO] Start saving linked page: https://2025kj.zkclhb.com:2025/20221.html
2026-05-31 14:41:41 [INFO] Linked page saved: .\pages\20221.html
2026-05-31 14:41:41 [INFO] Start saving linked page: https://2025kj.zkclhb.com:2025/20211.html
2026-05-31 14:41:41 [INFO] Linked page saved: .\pages\20211.html
2026-05-31 14:41:41 [INFO] Start saving linked page: https://2025kj.zkclhb.com:2025/20201.html
2026-05-31 14:41:41 [INFO] Linked page saved: .\pages\20201.html
2026-05-31 14:41:41 [INFO] Start saving linked page: https://2025kj.zkclhb.com:2025/am1.html
2026-05-31 14:41:41 [INFO] Linked page saved: .\pages\am1.html
2026-05-31 14:42:44 [INFO] Dashboard data refreshed
2026-05-31 14:42:44 [INFO] Fetch success: .\index.html
2026-05-31 21:33:47 [INFO] Start fetching: https://2025kj.zkclhb.com:2025/am.html
2026-05-31 21:33:48 [INFO] Start discovering linked page: https://2025kj.zkclhb.com:2025/hk.html
2026-05-31 21:33:48 [INFO] Start discovering linked page: https://2025kj.zkclhb.com:2025/am2.html
2026-05-31 21:33:48 [INFO] Start discovering linked page: https://2025kj.zkclhb.com:2025/am20.html
2026-05-31 21:33:48 [INFO] Start discovering linked page: https://2025kj.zkclhb.com:2025/am50.html
2026-05-31 21:33:48 [INFO] Start discovering linked page: https://2025kj.zkclhb.com:2025/am100.html
2026-05-31 21:33:49 [INFO] Start discovering linked page: https://2025kj.zkclhb.com:2025/am200.html
2026-05-31 21:33:49 [INFO] Start discovering linked page: https://2025kj.zkclhb.com:2025/2025.html
2026-05-31 21:33:49 [INFO] Start discovering linked page: https://2025kj.zkclhb.com:2025/2024.html
2026-05-31 21:33:50 [INFO] Start discovering linked page: https://2025kj.zkclhb.com:2025/2023.html
2026-05-31 21:33:50 [INFO] Start discovering linked page: https://2025kj.zkclhb.com:2025/2022.html
2026-05-31 21:33:51 [INFO] Start discovering linked page: https://2025kj.zkclhb.com:2025/2021.html
2026-05-31 21:33:51 [INFO] Start discovering linked page: https://2025kj.zkclhb.com:2025/2020.html
2026-05-31 21:33:52 [INFO] Start discovering linked page: https://2025kj.zkclhb.com:2025/hk1.html
2026-05-31 21:33:52 [INFO] Start discovering linked page: https://2025kj.zkclhb.com:2025/hk2.html
2026-05-31 21:33:52 [INFO] Start discovering linked page: https://2025kj.zkclhb.com:2025/hk20.html
2026-05-31 21:33:52 [INFO] Start discovering linked page: https://2025kj.zkclhb.com:2025/hk50.html
2026-05-31 21:33:52 [INFO] Start discovering linked page: https://2025kj.zkclhb.com:2025/hk100.html
2026-05-31 21:33:53 [INFO] Start discovering linked page: https://2025kj.zkclhb.com:2025/hk200.html
2026-05-31 21:33:53 [INFO] Start discovering linked page: https://2025kj.zkclhb.com:2025/20251.html
2026-05-31 21:33:53 [INFO] Start discovering linked page: https://2025kj.zkclhb.com:2025/20241.html
2026-05-31 21:33:53 [INFO] Start discovering linked page: https://2025kj.zkclhb.com:2025/20231.html
2026-05-31 21:33:54 [INFO] Start discovering linked page: https://2025kj.zkclhb.com:2025/20221.html
2026-05-31 21:33:54 [INFO] Start discovering linked page: https://2025kj.zkclhb.com:2025/20211.html
2026-05-31 21:33:54 [INFO] Start discovering linked page: https://2025kj.zkclhb.com:2025/20201.html
2026-05-31 21:33:54 [INFO] Start discovering linked page: https://2025kj.zkclhb.com:2025/am1.html
2026-05-31 21:33:55 [INFO] Start saving linked page: https://2025kj.zkclhb.com:2025/hk.html
2026-05-31 21:33:55 [INFO] Linked page saved: .\pages\hk.html
2026-05-31 21:33:55 [INFO] Start saving linked page: https://2025kj.zkclhb.com:2025/am2.html
2026-05-31 21:33:55 [INFO] Linked page saved: .\pages\am2.html
2026-05-31 21:33:55 [INFO] Start saving linked page: https://2025kj.zkclhb.com:2025/am20.html
2026-05-31 21:33:55 [INFO] Linked page saved: .\pages\am20.html
2026-05-31 21:33:55 [INFO] Start saving linked page: https://2025kj.zkclhb.com:2025/am50.html
2026-05-31 21:33:55 [INFO] Linked page saved: .\pages\am50.html
2026-05-31 21:33:55 [INFO] Start saving linked page: https://2025kj.zkclhb.com:2025/am100.html
2026-05-31 21:33:55 [INFO] Linked page saved: .\pages\am100.html
2026-05-31 21:33:55 [INFO] Start saving linked page: https://2025kj.zkclhb.com:2025/am200.html
2026-05-31 21:33:55 [INFO] Linked page saved: .\pages\am200.html
2026-05-31 21:33:55 [INFO] Start saving linked page: https://2025kj.zkclhb.com:2025/2025.html
2026-05-31 21:33:55 [INFO] Linked page saved: .\pages\2025.html
2026-05-31 21:33:55 [INFO] Start saving linked page: https://2025kj.zkclhb.com:2025/2024.html
2026-05-31 21:33:55 [INFO] Linked page saved: .\pages\2024.html
2026-05-31 21:33:55 [INFO] Start saving linked page: https://2025kj.zkclhb.com:2025/2023.html
2026-05-31 21:33:55 [INFO] Linked page saved: .\pages\2023.html
2026-05-31 21:33:55 [INFO] Start saving linked page: https://2025kj.zkclhb.com:2025/2022.html
2026-05-31 21:33:55 [INFO] Linked page saved: .\pages\2022.html
2026-05-31 21:33:55 [INFO] Start saving linked page: https://2025kj.zkclhb.com:2025/2021.html
2026-05-31 21:33:55 [INFO] Linked page saved: .\pages\2021.html
2026-05-31 21:33:55 [INFO] Start saving linked page: https://2025kj.zkclhb.com:2025/2020.html
2026-05-31 21:33:55 [INFO] Linked page saved: .\pages\2020.html
2026-05-31 21:33:55 [INFO] Start saving linked page: https://2025kj.zkclhb.com:2025/hk1.html
2026-05-31 21:33:55 [INFO] Linked page saved: .\pages\hk1.html
2026-05-31 21:33:55 [INFO] Start saving linked page: https://2025kj.zkclhb.com:2025/hk2.html
2026-05-31 21:33:55 [INFO] Linked page saved: .\pages\hk2.html
2026-05-31 21:33:55 [INFO] Start saving linked page: https://2025kj.zkclhb.com:2025/hk20.html
2026-05-31 21:33:55 [INFO] Linked page saved: .\pages\hk20.html
2026-05-31 21:33:55 [INFO] Start saving linked page: https://2025kj.zkclhb.com:2025/hk50.html
2026-05-31 21:33:55 [INFO] Linked page saved: .\pages\hk50.html
2026-05-31 21:33:55 [INFO] Start saving linked page: https://2025kj.zkclhb.com:2025/hk100.html
2026-05-31 21:33:55 [INFO] Linked page saved: .\pages\hk100.html
2026-05-31 21:33:55 [INFO] Start saving linked page: https://2025kj.zkclhb.com:2025/hk200.html
2026-05-31 21:33:55 [INFO] Linked page saved: .\pages\hk200.html
2026-05-31 21:33:55 [INFO] Start saving linked page: https://2025kj.zkclhb.com:2025/20251.html
2026-05-31 21:33:55 [INFO] Linked page saved: .\pages\20251.html
2026-05-31 21:33:55 [INFO] Start saving linked page: https://2025kj.zkclhb.com:2025/20241.html
2026-05-31 21:33:55 [INFO] Linked page saved: .\pages\20241.html
2026-05-31 21:33:55 [INFO] Start saving linked page: https://2025kj.zkclhb.com:2025/20231.html
2026-05-31 21:33:55 [INFO] Linked page saved: .\pages\20231.html
2026-05-31 21:33:55 [INFO] Start saving linked page: https://2025kj.zkclhb.com:2025/20221.html
2026-05-31 21:33:55 [INFO] Linked page saved: .\pages\20221.html
2026-05-31 21:33:55 [INFO] Start saving linked page: https://2025kj.zkclhb.com:2025/20211.html
2026-05-31 21:33:55 [INFO] Linked page saved: .\pages\20211.html
2026-05-31 21:33:55 [INFO] Start saving linked page: https://2025kj.zkclhb.com:2025/20201.html
2026-05-31 21:33:55 [INFO] Linked page saved: .\pages\20201.html
2026-05-31 21:33:55 [INFO] Start saving linked page: https://2025kj.zkclhb.com:2025/am1.html
2026-05-31 21:33:55 [INFO] Linked page saved: .\pages\am1.html
2026-05-31 21:36:28 [INFO] Dashboard data refreshed
2026-05-31 21:36:28 [INFO] Fetch success: .\index.html
2026-05-31 17:41:10 [INFO] Start fetching: https://2025kj.zkclhb.com:2025/am.html
2026-05-31 17:41:12 [INFO] Start discovering linked page: https://2025kj.zkclhb.com:2025/hk.html
2026-05-31 17:41:12 [INFO] Start discovering linked page: https://2025kj.zkclhb.com:2025/am2.html
2026-05-31 17:41:13 [INFO] Start discovering linked page: https://2025kj.zkclhb.com:2025/am20.html
2026-05-31 17:41:14 [INFO] Start discovering linked page: https://2025kj.zkclhb.com:2025/am50.html
2026-05-31 17:41:15 [INFO] Start discovering linked page: https://2025kj.zkclhb.com:2025/am100.html
2026-05-31 17:41:15 [INFO] Start discovering linked page: https://2025kj.zkclhb.com:2025/am200.html
2026-05-31 17:41:17 [INFO] Start discovering linked page: https://2025kj.zkclhb.com:2025/2025.html
2026-05-31 17:41:18 [INFO] Start discovering linked page: https://2025kj.zkclhb.com:2025/2024.html
2026-05-31 17:41:19 [INFO] Start discovering linked page: https://2025kj.zkclhb.com:2025/2023.html
2026-05-31 17:41:21 [INFO] Start discovering linked page: https://2025kj.zkclhb.com:2025/2022.html
2026-05-31 17:41:22 [INFO] Start discovering linked page: https://2025kj.zkclhb.com:2025/2021.html
2026-05-31 17:41:24 [INFO] Start discovering linked page: https://2025kj.zkclhb.com:2025/2020.html
2026-05-31 17:41:25 [INFO] Start discovering linked page: https://2025kj.zkclhb.com:2025/hk1.html
2026-05-31 17:41:25 [INFO] Start discovering linked page: https://2025kj.zkclhb.com:2025/hk2.html
2026-05-31 17:41:26 [INFO] Start discovering linked page: https://2025kj.zkclhb.com:2025/hk20.html
2026-05-31 17:41:27 [INFO] Start discovering linked page: https://2025kj.zkclhb.com:2025/hk50.html
2026-05-31 17:41:27 [INFO] Start discovering linked page: https://2025kj.zkclhb.com:2025/hk100.html
2026-05-31 17:41:28 [INFO] Start discovering linked page: https://2025kj.zkclhb.com:2025/hk200.html
2026-05-31 17:41:29 [INFO] Start discovering linked page: https://2025kj.zkclhb.com:2025/20251.html
2026-05-31 17:41:30 [INFO] Start discovering linked page: https://2025kj.zkclhb.com:2025/20241.html
2026-05-31 17:41:31 [INFO] Start discovering linked page: https://2025kj.zkclhb.com:2025/20231.html
2026-05-31 17:41:32 [INFO] Start discovering linked page: https://2025kj.zkclhb.com:2025/20221.html
2026-05-31 17:41:33 [INFO] Start discovering linked page: https://2025kj.zkclhb.com:2025/20211.html
2026-05-31 17:41:34 [INFO] Start discovering linked page: https://2025kj.zkclhb.com:2025/20201.html
2026-05-31 17:41:35 [INFO] Start discovering linked page: https://2025kj.zkclhb.com:2025/am1.html
2026-05-31 17:41:36 [INFO] Start saving linked page: https://2025kj.zkclhb.com:2025/hk.html
2026-05-31 17:41:36 [INFO] Linked page saved: .\pages\hk.html
2026-05-31 17:41:36 [INFO] Start saving linked page: https://2025kj.zkclhb.com:2025/am2.html
2026-05-31 17:41:36 [INFO] Linked page saved: .\pages\am2.html
2026-05-31 17:41:36 [INFO] Start saving linked page: https://2025kj.zkclhb.com:2025/am20.html
2026-05-31 17:41:36 [INFO] Linked page saved: .\pages\am20.html
2026-05-31 17:41:36 [INFO] Start saving linked page: https://2025kj.zkclhb.com:2025/am50.html
2026-05-31 17:41:36 [INFO] Linked page saved: .\pages\am50.html
2026-05-31 17:41:36 [INFO] Start saving linked page: https://2025kj.zkclhb.com:2025/am100.html
2026-05-31 17:41:36 [INFO] Linked page saved: .\pages\am100.html
2026-05-31 17:41:36 [INFO] Start saving linked page: https://2025kj.zkclhb.com:2025/am200.html
2026-05-31 17:41:36 [INFO] Linked page saved: .\pages\am200.html
2026-05-31 17:41:36 [INFO] Start saving linked page: https://2025kj.zkclhb.com:2025/2025.html
2026-05-31 17:41:36 [INFO] Linked page saved: .\pages\2025.html
2026-05-31 17:41:36 [INFO] Start saving linked page: https://2025kj.zkclhb.com:2025/2024.html
2026-05-31 17:41:36 [INFO] Linked page saved: .\pages\2024.html
2026-05-31 17:41:36 [INFO] Start saving linked page: https://2025kj.zkclhb.com:2025/2023.html
2026-05-31 17:41:36 [INFO] Linked page saved: .\pages\2023.html
2026-05-31 17:41:36 [INFO] Start saving linked page: https://2025kj.zkclhb.com:2025/2022.html
2026-05-31 17:41:36 [INFO] Linked page saved: .\pages\2022.html
2026-05-31 17:41:36 [INFO] Start saving linked page: https://2025kj.zkclhb.com:2025/2021.html
2026-05-31 17:41:36 [INFO] Linked page saved: .\pages\2021.html
2026-05-31 17:41:36 [INFO] Start saving linked page: https://2025kj.zkclhb.com:2025/2020.html
2026-05-31 17:41:36 [INFO] Linked page saved: .\pages\2020.html
2026-05-31 17:41:36 [INFO] Start saving linked page: https://2025kj.zkclhb.com:2025/hk1.html
2026-05-31 17:41:36 [INFO] Linked page saved: .\pages\hk1.html
2026-05-31 17:41:36 [INFO] Start saving linked page: https://2025kj.zkclhb.com:2025/hk2.html
2026-05-31 17:41:36 [INFO] Linked page saved: .\pages\hk2.html
2026-05-31 17:41:36 [INFO] Start saving linked page: https://2025kj.zkclhb.com:2025/hk20.html
2026-05-31 17:41:36 [INFO] Linked page saved: .\pages\hk20.html
2026-05-31 17:41:36 [INFO] Start saving linked page: https://2025kj.zkclhb.com:2025/hk50.html
2026-05-31 17:41:36 [INFO] Linked page saved: .\pages\hk50.html
2026-05-31 17:41:36 [INFO] Start saving linked page: https://2025kj.zkclhb.com:2025/hk100.html
2026-05-31 17:41:36 [INFO] Linked page saved: .\pages\hk100.html
2026-05-31 17:41:36 [INFO] Start saving linked page: https://2025kj.zkclhb.com:2025/hk200.html
2026-05-31 17:41:36 [INFO] Linked page saved: .\pages\hk200.html
2026-05-31 17:41:36 [INFO] Start saving linked page: https://2025kj.zkclhb.com:2025/20251.html
2026-05-31 17:41:36 [INFO] Linked page saved: .\pages\20251.html
2026-05-31 17:41:36 [INFO] Start saving linked page: https://2025kj.zkclhb.com:2025/20241.html
2026-05-31 17:41:36 [INFO] Linked page saved: .\pages\20241.html
2026-05-31 17:41:36 [INFO] Start saving linked page: https://2025kj.zkclhb.com:2025/20231.html
2026-05-31 17:41:36 [INFO] Linked page saved: .\pages\20231.html
2026-05-31 17:41:36 [INFO] Start saving linked page: https://2025kj.zkclhb.com:2025/20221.html
2026-05-31 17:41:36 [INFO] Linked page saved: .\pages\20221.html
2026-05-31 17:41:36 [INFO] Start saving linked page: https://2025kj.zkclhb.com:2025/20211.html
2026-05-31 17:41:36 [INFO] Linked page saved: .\pages\20211.html
2026-05-31 17:41:36 [INFO] Start saving linked page: https://2025kj.zkclhb.com:2025/20201.html
2026-05-31 17:41:36 [INFO] Linked page saved: .\pages\20201.html
2026-05-31 17:41:36 [INFO] Start saving linked page: https://2025kj.zkclhb.com:2025/am1.html
2026-05-31 17:41:36 [INFO] Linked page saved: .\pages\am1.html
2026-05-31 17:43:48 [INFO] Dashboard data refreshed
2026-05-31 17:43:48 [INFO] Fetch success: .\index.html
2026-06-01 19:15:02 [INFO] Start fetching: https://2025kj.zkclhb.com:2025/am.html
2026-06-01 19:15:02 [INFO] Start discovering linked page: https://2025kj.zkclhb.com:2025/hk.html
2026-06-01 19:15:03 [INFO] Start discovering linked page: https://2025kj.zkclhb.com:2025/am2.html
2026-06-01 19:15:03 [INFO] Start discovering linked page: https://2025kj.zkclhb.com:2025/am20.html
2026-06-01 19:15:03 [INFO] Start discovering linked page: https://2025kj.zkclhb.com:2025/am50.html
2026-06-01 19:15:03 [INFO] Start discovering linked page: https://2025kj.zkclhb.com:2025/am100.html
2026-06-01 19:15:04 [INFO] Start discovering linked page: https://2025kj.zkclhb.com:2025/am200.html
2026-06-01 19:15:04 [INFO] Start discovering linked page: https://2025kj.zkclhb.com:2025/2025.html
2026-06-01 19:15:05 [INFO] Start discovering linked page: https://2025kj.zkclhb.com:2025/2024.html
2026-06-01 19:15:05 [INFO] Start discovering linked page: https://2025kj.zkclhb.com:2025/2023.html
2026-06-01 19:15:06 [INFO] Start discovering linked page: https://2025kj.zkclhb.com:2025/2022.html
2026-06-01 19:15:06 [INFO] Start discovering linked page: https://2025kj.zkclhb.com:2025/2021.html
2026-06-01 19:15:07 [INFO] Start discovering linked page: https://2025kj.zkclhb.com:2025/2020.html
2026-06-01 19:15:07 [INFO] Start discovering linked page: https://2025kj.zkclhb.com:2025/hk1.html
2026-06-01 19:15:07 [INFO] Start discovering linked page: https://2025kj.zkclhb.com:2025/hk2.html
2026-06-01 19:15:08 [INFO] Start discovering linked page: https://2025kj.zkclhb.com:2025/hk20.html
2026-06-01 19:15:08 [INFO] Start discovering linked page: https://2025kj.zkclhb.com:2025/hk50.html
2026-06-01 19:15:08 [INFO] Start discovering linked page: https://2025kj.zkclhb.com:2025/hk100.html
2026-06-01 19:15:08 [INFO] Start discovering linked page: https://2025kj.zkclhb.com:2025/hk200.html
2026-06-01 19:15:09 [INFO] Start discovering linked page: https://2025kj.zkclhb.com:2025/20251.html
2026-06-01 19:15:09 [INFO] Start discovering linked page: https://2025kj.zkclhb.com:2025/20241.html
2026-06-01 19:15:09 [INFO] Start discovering linked page: https://2025kj.zkclhb.com:2025/20231.html
2026-06-01 19:15:10 [INFO] Start discovering linked page: https://2025kj.zkclhb.com:2025/20221.html
2026-06-01 19:15:10 [INFO] Start discovering linked page: https://2025kj.zkclhb.com:2025/20211.html
2026-06-01 19:15:10 [INFO] Start discovering linked page: https://2025kj.zkclhb.com:2025/20201.html
2026-06-01 19:15:10 [INFO] Start discovering linked page: https://2025kj.zkclhb.com:2025/am1.html
2026-06-01 19:15:11 [INFO] Start saving linked page: https://2025kj.zkclhb.com:2025/hk.html
2026-06-01 19:15:11 [INFO] Linked page saved: C:\Users\Administrator\Desktop\test\pages\hk.html
2026-06-01 19:15:11 [INFO] Start saving linked page: https://2025kj.zkclhb.com:2025/am2.html
2026-06-01 19:15:11 [INFO] Linked page saved: C:\Users\Administrator\Desktop\test\pages\am2.html
2026-06-01 19:15:11 [INFO] Start saving linked page: https://2025kj.zkclhb.com:2025/am20.html
2026-06-01 19:15:11 [INFO] Linked page saved: C:\Users\Administrator\Desktop\test\pages\am20.html
2026-06-01 19:15:11 [INFO] Start saving linked page: https://2025kj.zkclhb.com:2025/am50.html
2026-06-01 19:15:11 [INFO] Linked page saved: C:\Users\Administrator\Desktop\test\pages\am50.html
2026-06-01 19:15:11 [INFO] Start saving linked page: https://2025kj.zkclhb.com:2025/am100.html
2026-06-01 19:15:11 [INFO] Linked page saved: C:\Users\Administrator\Desktop\test\pages\am100.html
2026-06-01 19:15:11 [INFO] Start saving linked page: https://2025kj.zkclhb.com:2025/am200.html
2026-06-01 19:15:11 [INFO] Linked page saved: C:\Users\Administrator\Desktop\test\pages\am200.html
2026-06-01 19:15:11 [INFO] Start saving linked page: https://2025kj.zkclhb.com:2025/2025.html
2026-06-01 19:15:11 [INFO] Linked page saved: C:\Users\Administrator\Desktop\test\pages\2025.html
2026-06-01 19:15:11 [INFO] Start saving linked page: https://2025kj.zkclhb.com:2025/2024.html
2026-06-01 19:15:11 [INFO] Linked page saved: C:\Users\Administrator\Desktop\test\pages\2024.html
2026-06-01 19:15:11 [INFO] Start saving linked page: https://2025kj.zkclhb.com:2025/2023.html
2026-06-01 19:15:11 [INFO] Linked page saved: C:\Users\Administrator\Desktop\test\pages\2023.html
2026-06-01 19:15:11 [INFO] Start saving linked page: https://2025kj.zkclhb.com:2025/2022.html
2026-06-01 19:15:11 [INFO] Linked page saved: C:\Users\Administrator\Desktop\test\pages\2022.html
2026-06-01 19:15:11 [INFO] Start saving linked page: https://2025kj.zkclhb.com:2025/2021.html
2026-06-01 19:15:11 [INFO] Linked page saved: C:\Users\Administrator\Desktop\test\pages\2021.html
2026-06-01 19:15:11 [INFO] Start saving linked page: https://2025kj.zkclhb.com:2025/2020.html
2026-06-01 19:15:11 [INFO] Linked page saved: C:\Users\Administrator\Desktop\test\pages\2020.html
2026-06-01 19:15:11 [INFO] Start saving linked page: https://2025kj.zkclhb.com:2025/hk1.html
2026-06-01 19:15:11 [INFO] Linked page saved: C:\Users\Administrator\Desktop\test\pages\hk1.html
2026-06-01 19:15:11 [INFO] Start saving linked page: https://2025kj.zkclhb.com:2025/hk2.html
2026-06-01 19:15:11 [INFO] Linked page saved: C:\Users\Administrator\Desktop\test\pages\hk2.html
2026-06-01 19:15:11 [INFO] Start saving linked page: https://2025kj.zkclhb.com:2025/hk20.html
2026-06-01 19:15:11 [INFO] Linked page saved: C:\Users\Administrator\Desktop\test\pages\hk20.html
2026-06-01 19:15:11 [INFO] Start saving linked page: https://2025kj.zkclhb.com:2025/hk50.html
2026-06-01 19:15:11 [INFO] Linked page saved: C:\Users\Administrator\Desktop\test\pages\hk50.html
2026-06-01 19:15:11 [INFO] Start saving linked page: https://2025kj.zkclhb.com:2025/hk100.html
2026-06-01 19:15:11 [INFO] Linked page saved: C:\Users\Administrator\Desktop\test\pages\hk100.html
2026-06-01 19:15:11 [INFO] Start saving linked page: https://2025kj.zkclhb.com:2025/hk200.html
2026-06-01 19:15:11 [INFO] Linked page saved: C:\Users\Administrator\Desktop\test\pages\hk200.html
2026-06-01 19:15:11 [INFO] Start saving linked page: https://2025kj.zkclhb.com:2025/20251.html
2026-06-01 19:15:11 [INFO] Linked page saved: C:\Users\Administrator\Desktop\test\pages\20251.html
2026-06-01 19:15:11 [INFO] Start saving linked page: https://2025kj.zkclhb.com:2025/20241.html
2026-06-01 19:15:11 [INFO] Linked page saved: C:\Users\Administrator\Desktop\test\pages\20241.html
2026-06-01 19:15:11 [INFO] Start saving linked page: https://2025kj.zkclhb.com:2025/20231.html
2026-06-01 19:15:11 [INFO] Linked page saved: C:\Users\Administrator\Desktop\test\pages\20231.html
2026-06-01 19:15:11 [INFO] Start saving linked page: https://2025kj.zkclhb.com:2025/20221.html
2026-06-01 19:15:11 [INFO] Linked page saved: C:\Users\Administrator\Desktop\test\pages\20221.html
2026-06-01 19:15:11 [INFO] Start saving linked page: https://2025kj.zkclhb.com:2025/20211.html
2026-06-01 19:15:11 [INFO] Linked page saved: C:\Users\Administrator\Desktop\test\pages\20211.html
2026-06-01 19:15:11 [INFO] Start saving linked page: https://2025kj.zkclhb.com:2025/20201.html
2026-06-01 19:15:11 [INFO] Linked page saved: C:\Users\Administrator\Desktop\test\pages\20201.html
2026-06-01 19:15:11 [INFO] Start saving linked page: https://2025kj.zkclhb.com:2025/am1.html
2026-06-01 19:15:11 [INFO] Linked page saved: C:\Users\Administrator\Desktop\test\pages\am1.html
2026-06-01 19:19:28 [INFO] Dashboard data refreshed
2026-06-01 19:19:28 [INFO] Fetch success: C:\Users\Administrator\Desktop\test\index.html
2026-06-01 22:38:32 [INFO] Start fetching: https://2025kj.zkclhb.com:2025/am.html
2026-06-01 22:38:33 [INFO] Start discovering linked page: https://2025kj.zkclhb.com:2025/hk.html
2026-06-01 22:38:34 [INFO] Start discovering linked page: https://2025kj.zkclhb.com:2025/am2.html
2026-06-01 22:38:35 [INFO] Start discovering linked page: https://2025kj.zkclhb.com:2025/am20.html
2026-06-01 22:38:35 [INFO] Start discovering linked page: https://2025kj.zkclhb.com:2025/am50.html
2026-06-01 22:38:36 [INFO] Start discovering linked page: https://2025kj.zkclhb.com:2025/am100.html
2026-06-01 22:38:37 [INFO] Start discovering linked page: https://2025kj.zkclhb.com:2025/am200.html
2026-06-01 22:38:38 [INFO] Start discovering linked page: https://2025kj.zkclhb.com:2025/2025.html
2026-06-01 22:38:40 [INFO] Start discovering linked page: https://2025kj.zkclhb.com:2025/2024.html
2026-06-01 22:38:41 [INFO] Start discovering linked page: https://2025kj.zkclhb.com:2025/2023.html
2026-06-01 22:38:43 [INFO] Start discovering linked page: https://2025kj.zkclhb.com:2025/2022.html
2026-06-01 22:38:44 [INFO] Start discovering linked page: https://2025kj.zkclhb.com:2025/2021.html
2026-06-01 22:38:46 [INFO] Start discovering linked page: https://2025kj.zkclhb.com:2025/2020.html
2026-06-01 22:38:47 [INFO] Start discovering linked page: https://2025kj.zkclhb.com:2025/hk1.html
2026-06-01 22:38:47 [INFO] Start discovering linked page: https://2025kj.zkclhb.com:2025/hk2.html
2026-06-01 22:38:48 [INFO] Start discovering linked page: https://2025kj.zkclhb.com:2025/hk20.html
2026-06-01 22:38:49 [INFO] Start discovering linked page: https://2025kj.zkclhb.com:2025/hk50.html
2026-06-01 22:38:50 [INFO] Start discovering linked page: https://2025kj.zkclhb.com:2025/hk100.html
2026-06-01 22:38:50 [INFO] Start discovering linked page: https://2025kj.zkclhb.com:2025/hk200.html
2026-06-01 22:38:51 [INFO] Start discovering linked page: https://2025kj.zkclhb.com:2025/20251.html
2026-06-01 22:38:52 [INFO] Start discovering linked page: https://2025kj.zkclhb.com:2025/20241.html
2026-06-01 22:38:53 [INFO] Start discovering linked page: https://2025kj.zkclhb.com:2025/20231.html
2026-06-01 22:38:54 [INFO] Start discovering linked page: https://2025kj.zkclhb.com:2025/20221.html
2026-06-01 22:38:56 [INFO] Start discovering linked page: https://2025kj.zkclhb.com:2025/20211.html
2026-06-01 22:38:57 [INFO] Start discovering linked page: https://2025kj.zkclhb.com:2025/20201.html
2026-06-01 22:38:57 [INFO] Start discovering linked page: https://2025kj.zkclhb.com:2025/am1.html
2026-06-01 22:38:58 [INFO] Start saving linked page: https://2025kj.zkclhb.com:2025/hk.html
2026-06-01 22:38:58 [INFO] Linked page saved: .\pages\hk.html
2026-06-01 22:38:58 [INFO] Start saving linked page: https://2025kj.zkclhb.com:2025/am2.html
2026-06-01 22:38:58 [INFO] Linked page saved: .\pages\am2.html
2026-06-01 22:38:58 [INFO] Start saving linked page: https://2025kj.zkclhb.com:2025/am20.html
2026-06-01 22:38:58 [INFO] Linked page saved: .\pages\am20.html
2026-06-01 22:38:58 [INFO] Start saving linked page: https://2025kj.zkclhb.com:2025/am50.html
2026-06-01 22:38:58 [INFO] Linked page saved: .\pages\am50.html
2026-06-01 22:38:58 [INFO] Start saving linked page: https://2025kj.zkclhb.com:2025/am100.html
2026-06-01 22:38:58 [INFO] Linked page saved: .\pages\am100.html
2026-06-01 22:38:58 [INFO] Start saving linked page: https://2025kj.zkclhb.com:2025/am200.html
2026-06-01 22:38:58 [INFO] Linked page saved: .\pages\am200.html
2026-06-01 22:38:58 [INFO] Start saving linked page: https://2025kj.zkclhb.com:2025/2025.html
2026-06-01 22:38:58 [INFO] Linked page saved: .\pages\2025.html
2026-06-01 22:38:58 [INFO] Start saving linked page: https://2025kj.zkclhb.com:2025/2024.html
2026-06-01 22:38:58 [INFO] Linked page saved: .\pages\2024.html
2026-06-01 22:38:58 [INFO] Start saving linked page: https://2025kj.zkclhb.com:2025/2023.html
2026-06-01 22:38:58 [INFO] Linked page saved: .\pages\2023.html
2026-06-01 22:38:58 [INFO] Start saving linked page: https://2025kj.zkclhb.com:2025/2022.html
2026-06-01 22:38:58 [INFO] Linked page saved: .\pages\2022.html
2026-06-01 22:38:58 [INFO] Start saving linked page: https://2025kj.zkclhb.com:2025/2021.html
2026-06-01 22:38:58 [INFO] Linked page saved: .\pages\2021.html
2026-06-01 22:38:58 [INFO] Start saving linked page: https://2025kj.zkclhb.com:2025/2020.html
2026-06-01 22:38:58 [INFO] Linked page saved: .\pages\2020.html
2026-06-01 22:38:58 [INFO] Start saving linked page: https://2025kj.zkclhb.com:2025/hk1.html
2026-06-01 22:38:58 [INFO] Linked page saved: .\pages\hk1.html
2026-06-01 22:38:58 [INFO] Start saving linked page: https://2025kj.zkclhb.com:2025/hk2.html
2026-06-01 22:38:58 [INFO] Linked page saved: .\pages\hk2.html
2026-06-01 22:38:58 [INFO] Start saving linked page: https://2025kj.zkclhb.com:2025/hk20.html
2026-06-01 22:38:58 [INFO] Linked page saved: .\pages\hk20.html
2026-06-01 22:38:58 [INFO] Start saving linked page: https://2025kj.zkclhb.com:2025/hk50.html
2026-06-01 22:38:58 [INFO] Linked page saved: .\pages\hk50.html
2026-06-01 22:38:58 [INFO] Start saving linked page: https://2025kj.zkclhb.com:2025/hk100.html
2026-06-01 22:38:58 [INFO] Linked page saved: .\pages\hk100.html
2026-06-01 22:38:58 [INFO] Start saving linked page: https://2025kj.zkclhb.com:2025/hk200.html
2026-06-01 22:38:58 [INFO] Linked page saved: .\pages\hk200.html
2026-06-01 22:38:58 [INFO] Start saving linked page: https://2025kj.zkclhb.com:2025/20251.html
2026-06-01 22:38:58 [INFO] Linked page saved: .\pages\20251.html
2026-06-01 22:38:58 [INFO] Start saving linked page: https://2025kj.zkclhb.com:2025/20241.html
2026-06-01 22:38:58 [INFO] Linked page saved: .\pages\20241.html
2026-06-01 22:38:58 [INFO] Start saving linked page: https://2025kj.zkclhb.com:2025/20231.html
2026-06-01 22:38:58 [INFO] Linked page saved: .\pages\20231.html
2026-06-01 22:38:58 [INFO] Start saving linked page: https://2025kj.zkclhb.com:2025/20221.html
2026-06-01 22:38:58 [INFO] Linked page saved: .\pages\20221.html
2026-06-01 22:38:58 [INFO] Start saving linked page: https://2025kj.zkclhb.com:2025/20211.html
2026-06-01 22:38:58 [INFO] Linked page saved: .\pages\20211.html
2026-06-01 22:38:58 [INFO] Start saving linked page: https://2025kj.zkclhb.com:2025/20201.html
2026-06-01 22:38:58 [INFO] Linked page saved: .\pages\20201.html
2026-06-01 22:38:58 [INFO] Start saving linked page: https://2025kj.zkclhb.com:2025/am1.html
2026-06-01 22:38:58 [INFO] Linked page saved: .\pages\am1.html
2026-06-01 22:41:19 [INFO] Dashboard data refreshed
2026-06-01 22:41:19 [INFO] Fetch success: .\index.html
2026-06-02 13:53:54 [INFO] Start fetching: https://2025kj.zkclhb.com:2025/am.html
2026-06-02 13:53:56 [INFO] Start discovering linked page: https://2025kj.zkclhb.com:2025/hk.html
2026-06-02 13:53:57 [INFO] Start discovering linked page: https://2025kj.zkclhb.com:2025/am2.html
2026-06-02 13:53:58 [INFO] Start discovering linked page: https://2025kj.zkclhb.com:2025/am20.html
2026-06-02 13:53:58 [INFO] Start discovering linked page: https://2025kj.zkclhb.com:2025/am50.html
2026-06-02 13:53:59 [INFO] Start discovering linked page: https://2025kj.zkclhb.com:2025/am100.html
2026-06-02 13:54:00 [INFO] Start discovering linked page: https://2025kj.zkclhb.com:2025/am200.html
2026-06-02 13:54:01 [INFO] Start discovering linked page: https://2025kj.zkclhb.com:2025/2025.html
2026-06-02 13:54:03 [INFO] Start discovering linked page: https://2025kj.zkclhb.com:2025/2024.html
2026-06-02 13:54:04 [INFO] Start discovering linked page: https://2025kj.zkclhb.com:2025/2023.html
2026-06-02 13:54:06 [INFO] Start discovering linked page: https://2025kj.zkclhb.com:2025/2022.html
2026-06-02 13:54:07 [INFO] Start discovering linked page: https://2025kj.zkclhb.com:2025/2021.html
2026-06-02 13:54:09 [INFO] Start discovering linked page: https://2025kj.zkclhb.com:2025/2020.html
2026-06-02 13:54:10 [INFO] Start discovering linked page: https://2025kj.zkclhb.com:2025/hk1.html
2026-06-02 13:54:11 [INFO] Start discovering linked page: https://2025kj.zkclhb.com:2025/hk2.html
2026-06-02 13:54:11 [INFO] Start discovering linked page: https://2025kj.zkclhb.com:2025/hk20.html
2026-06-02 13:54:12 [INFO] Start discovering linked page: https://2025kj.zkclhb.com:2025/hk50.html
2026-06-02 13:54:13 [INFO] Start discovering linked page: https://2025kj.zkclhb.com:2025/hk100.html
2026-06-02 13:54:14 [INFO] Start discovering linked page: https://2025kj.zkclhb.com:2025/hk200.html
2026-06-02 13:54:15 [INFO] Start discovering linked page: https://2025kj.zkclhb.com:2025/20251.html
2026-06-02 13:54:16 [INFO] Start discovering linked page: https://2025kj.zkclhb.com:2025/20241.html
2026-06-02 13:54:17 [INFO] Start discovering linked page: https://2025kj.zkclhb.com:2025/20231.html
2026-06-02 13:54:18 [INFO] Start discovering linked page: https://2025kj.zkclhb.com:2025/20221.html
2026-06-02 13:54:19 [INFO] Start discovering linked page: https://2025kj.zkclhb.com:2025/20211.html
2026-06-02 13:54:20 [INFO] Start discovering linked page: https://2025kj.zkclhb.com:2025/20201.html
2026-06-02 13:54:21 [INFO] Start discovering linked page: https://2025kj.zkclhb.com:2025/am1.html
2026-06-02 13:54:22 [INFO] Start saving linked page: https://2025kj.zkclhb.com:2025/hk.html
2026-06-02 13:54:22 [INFO] Linked page saved: .\pages\hk.html
2026-06-02 13:54:22 [INFO] Start saving linked page: https://2025kj.zkclhb.com:2025/am2.html
2026-06-02 13:54:22 [INFO] Linked page saved: .\pages\am2.html
2026-06-02 13:54:22 [INFO] Start saving linked page: https://2025kj.zkclhb.com:2025/am20.html
2026-06-02 13:54:22 [INFO] Linked page saved: .\pages\am20.html
2026-06-02 13:54:22 [INFO] Start saving linked page: https://2025kj.zkclhb.com:2025/am50.html
2026-06-02 13:54:22 [INFO] Linked page saved: .\pages\am50.html
2026-06-02 13:54:22 [INFO] Start saving linked page: https://2025kj.zkclhb.com:2025/am100.html
2026-06-02 13:54:22 [INFO] Linked page saved: .\pages\am100.html
2026-06-02 13:54:22 [INFO] Start saving linked page: https://2025kj.zkclhb.com:2025/am200.html
2026-06-02 13:54:22 [INFO] Linked page saved: .\pages\am200.html
2026-06-02 13:54:22 [INFO] Start saving linked page: https://2025kj.zkclhb.com:2025/2025.html
2026-06-02 13:54:22 [INFO] Linked page saved: .\pages\2025.html
2026-06-02 13:54:22 [INFO] Start saving linked page: https://2025kj.zkclhb.com:2025/2024.html
2026-06-02 13:54:22 [INFO] Linked page saved: .\pages\2024.html
2026-06-02 13:54:22 [INFO] Start saving linked page: https://2025kj.zkclhb.com:2025/2023.html
2026-06-02 13:54:22 [INFO] Linked page saved: .\pages\2023.html
2026-06-02 13:54:22 [INFO] Start saving linked page: https://2025kj.zkclhb.com:2025/2022.html
2026-06-02 13:54:22 [INFO] Linked page saved: .\pages\2022.html
2026-06-02 13:54:22 [INFO] Start saving linked page: https://2025kj.zkclhb.com:2025/2021.html
2026-06-02 13:54:22 [INFO] Linked page saved: .\pages\2021.html
2026-06-02 13:54:22 [INFO] Start saving linked page: https://2025kj.zkclhb.com:2025/2020.html
2026-06-02 13:54:22 [INFO] Linked page saved: .\pages\2020.html
2026-06-02 13:54:22 [INFO] Start saving linked page: https://2025kj.zkclhb.com:2025/hk1.html
2026-06-02 13:54:22 [INFO] Linked page saved: .\pages\hk1.html
2026-06-02 13:54:22 [INFO] Start saving linked page: https://2025kj.zkclhb.com:2025/hk2.html
2026-06-02 13:54:22 [INFO] Linked page saved: .\pages\hk2.html
2026-06-02 13:54:22 [INFO] Start saving linked page: https://2025kj.zkclhb.com:2025/hk20.html
2026-06-02 13:54:22 [INFO] Linked page saved: .\pages\hk20.html
2026-06-02 13:54:22 [INFO] Start saving linked page: https://2025kj.zkclhb.com:2025/hk50.html
2026-06-02 13:54:22 [INFO] Linked page saved: .\pages\hk50.html
2026-06-02 13:54:22 [INFO] Start saving linked page: https://2025kj.zkclhb.com:2025/hk100.html
2026-06-02 13:54:22 [INFO] Linked page saved: .\pages\hk100.html
2026-06-02 13:54:22 [INFO] Start saving linked page: https://2025kj.zkclhb.com:2025/hk200.html
2026-06-02 13:54:22 [INFO] Linked page saved: .\pages\hk200.html
2026-06-02 13:54:22 [INFO] Start saving linked page: https://2025kj.zkclhb.com:2025/20251.html
2026-06-02 13:54:22 [INFO] Linked page saved: .\pages\20251.html
2026-06-02 13:54:22 [INFO] Start saving linked page: https://2025kj.zkclhb.com:2025/20241.html
2026-06-02 13:54:22 [INFO] Linked page saved: .\pages\20241.html
2026-06-02 13:54:22 [INFO] Start saving linked page: https://2025kj.zkclhb.com:2025/20231.html
2026-06-02 13:54:22 [INFO] Linked page saved: .\pages\20231.html
2026-06-02 13:54:22 [INFO] Start saving linked page: https://2025kj.zkclhb.com:2025/20221.html
2026-06-02 13:54:22 [INFO] Linked page saved: .\pages\20221.html
2026-06-02 13:54:22 [INFO] Start saving linked page: https://2025kj.zkclhb.com:2025/20211.html
2026-06-02 13:54:22 [INFO] Linked page saved: .\pages\20211.html
2026-06-02 13:54:22 [INFO] Start saving linked page: https://2025kj.zkclhb.com:2025/20201.html
2026-06-02 13:54:22 [INFO] Linked page saved: .\pages\20201.html
2026-06-02 13:54:22 [INFO] Start saving linked page: https://2025kj.zkclhb.com:2025/am1.html
2026-06-02 13:54:22 [INFO] Linked page saved: .\pages\am1.html
2026-06-02 13:56:01 [INFO] Dashboard data refreshed
2026-06-02 13:56:01 [INFO] Fetch success: .\index.html
2026-06-03 19:15:04 [INFO] Start fetching: https://2025kj.zkclhb.com:2025/am.html
2026-06-03 19:15:06 [INFO] Start discovering linked page: https://2025kj.zkclhb.com:2025/hk.html
2026-06-03 19:15:07 [INFO] Start discovering linked page: https://2025kj.zkclhb.com:2025/am2.html
2026-06-03 19:15:07 [INFO] Start discovering linked page: https://2025kj.zkclhb.com:2025/am20.html
2026-06-03 19:15:08 [INFO] Start discovering linked page: https://2025kj.zkclhb.com:2025/am50.html
2026-06-03 19:15:08 [INFO] Start discovering linked page: https://2025kj.zkclhb.com:2025/am100.html
2026-06-03 19:15:09 [INFO] Start discovering linked page: https://2025kj.zkclhb.com:2025/am200.html
2026-06-03 19:15:09 [INFO] Start discovering linked page: https://2025kj.zkclhb.com:2025/2025.html
2026-06-03 19:15:11 [INFO] Start discovering linked page: https://2025kj.zkclhb.com:2025/2024.html
2026-06-03 19:15:13 [INFO] Start discovering linked page: https://2025kj.zkclhb.com:2025/2023.html
2026-06-03 19:15:14 [INFO] Start discovering linked page: https://2025kj.zkclhb.com:2025/2022.html
2026-06-03 19:15:15 [INFO] Start discovering linked page: https://2025kj.zkclhb.com:2025/2021.html
2026-06-03 19:15:17 [INFO] Start discovering linked page: https://2025kj.zkclhb.com:2025/2020.html
2026-06-03 19:15:18 [INFO] Start discovering linked page: https://2025kj.zkclhb.com:2025/hk1.html
2026-06-03 19:15:19 [INFO] Start discovering linked page: https://2025kj.zkclhb.com:2025/hk2.html
2026-06-03 19:15:19 [INFO] Start discovering linked page: https://2025kj.zkclhb.com:2025/hk20.html
2026-06-03 19:15:19 [INFO] Start discovering linked page: https://2025kj.zkclhb.com:2025/hk50.html
2026-06-03 19:15:19 [INFO] Start discovering linked page: https://2025kj.zkclhb.com:2025/hk100.html
2026-06-03 19:15:20 [INFO] Start discovering linked page: https://2025kj.zkclhb.com:2025/hk200.html
2026-06-03 19:15:20 [INFO] Start discovering linked page: https://2025kj.zkclhb.com:2025/20251.html
2026-06-03 19:15:21 [INFO] Start discovering linked page: https://2025kj.zkclhb.com:2025/20241.html
2026-06-03 19:15:22 [INFO] Start discovering linked page: https://2025kj.zkclhb.com:2025/20231.html
2026-06-03 19:15:23 [INFO] Start discovering linked page: https://2025kj.zkclhb.com:2025/20221.html
2026-06-03 19:15:23 [INFO] Start discovering linked page: https://2025kj.zkclhb.com:2025/20211.html
2026-06-03 19:15:24 [INFO] Start discovering linked page: https://2025kj.zkclhb.com:2025/20201.html
2026-06-03 19:15:25 [INFO] Start discovering linked page: https://2025kj.zkclhb.com:2025/am1.html
2026-06-03 19:15:25 [INFO] Start saving linked page: https://2025kj.zkclhb.com:2025/hk.html
2026-06-03 19:15:25 [INFO] Linked page saved: C:\Users\Administrator\Desktop\test\pages\hk.html
2026-06-03 19:15:25 [INFO] Start saving linked page: https://2025kj.zkclhb.com:2025/am2.html
2026-06-03 19:15:25 [INFO] Linked page saved: C:\Users\Administrator\Desktop\test\pages\am2.html
2026-06-03 19:15:25 [INFO] Start saving linked page: https://2025kj.zkclhb.com:2025/am20.html
2026-06-03 19:15:26 [INFO] Linked page saved: C:\Users\Administrator\Desktop\test\pages\am20.html
2026-06-03 19:15:26 [INFO] Start saving linked page: https://2025kj.zkclhb.com:2025/am50.html
2026-06-03 19:15:26 [INFO] Linked page saved: C:\Users\Administrator\Desktop\test\pages\am50.html
2026-06-03 19:15:26 [INFO] Start saving linked page: https://2025kj.zkclhb.com:2025/am100.html
2026-06-03 19:15:26 [INFO] Linked page saved: C:\Users\Administrator\Desktop\test\pages\am100.html
2026-06-03 19:15:26 [INFO] Start saving linked page: https://2025kj.zkclhb.com:2025/am200.html
2026-06-03 19:15:26 [INFO] Linked page saved: C:\Users\Administrator\Desktop\test\pages\am200.html
2026-06-03 19:15:26 [INFO] Start saving linked page: https://2025kj.zkclhb.com:2025/2025.html
2026-06-03 19:15:26 [INFO] Linked page saved: C:\Users\Administrator\Desktop\test\pages\2025.html
2026-06-03 19:15:26 [INFO] Start saving linked page: https://2025kj.zkclhb.com:2025/2024.html
2026-06-03 19:15:26 [INFO] Linked page saved: C:\Users\Administrator\Desktop\test\pages\2024.html
2026-06-03 19:15:26 [INFO] Start saving linked page: https://2025kj.zkclhb.com:2025/2023.html
2026-06-03 19:15:26 [INFO] Linked page saved: C:\Users\Administrator\Desktop\test\pages\2023.html
2026-06-03 19:15:26 [INFO] Start saving linked page: https://2025kj.zkclhb.com:2025/2022.html
2026-06-03 19:15:26 [INFO] Linked page saved: C:\Users\Administrator\Desktop\test\pages\2022.html
2026-06-03 19:15:26 [INFO] Start saving linked page: https://2025kj.zkclhb.com:2025/2021.html
2026-06-03 19:15:27 [INFO] Linked page saved: C:\Users\Administrator\Desktop\test\pages\2021.html
2026-06-03 19:15:27 [INFO] Start saving linked page: https://2025kj.zkclhb.com:2025/2020.html
2026-06-03 19:15:27 [INFO] Linked page saved: C:\Users\Administrator\Desktop\test\pages\2020.html
2026-06-03 19:15:27 [INFO] Start saving linked page: https://2025kj.zkclhb.com:2025/hk1.html
2026-06-03 19:15:27 [INFO] Linked page saved: C:\Users\Administrator\Desktop\test\pages\hk1.html
2026-06-03 19:15:27 [INFO] Start saving linked page: https://2025kj.zkclhb.com:2025/hk2.html
2026-06-03 19:15:27 [INFO] Linked page saved: C:\Users\Administrator\Desktop\test\pages\hk2.html
2026-06-03 19:15:27 [INFO] Start saving linked page: https://2025kj.zkclhb.com:2025/hk20.html
2026-06-03 19:15:27 [INFO] Linked page saved: C:\Users\Administrator\Desktop\test\pages\hk20.html
2026-06-03 19:15:27 [INFO] Start saving linked page: https://2025kj.zkclhb.com:2025/hk50.html
2026-06-03 19:15:27 [INFO] Linked page saved: C:\Users\Administrator\Desktop\test\pages\hk50.html
2026-06-03 19:15:27 [INFO] Start saving linked page: https://2025kj.zkclhb.com:2025/hk100.html
2026-06-03 19:15:27 [INFO] Linked page saved: C:\Users\Administrator\Desktop\test\pages\hk100.html
2026-06-03 19:15:27 [INFO] Start saving linked page: https://2025kj.zkclhb.com:2025/hk200.html
2026-06-03 19:15:27 [INFO] Linked page saved: C:\Users\Administrator\Desktop\test\pages\hk200.html
2026-06-03 19:15:27 [INFO] Start saving linked page: https://2025kj.zkclhb.com:2025/20251.html
2026-06-03 19:15:27 [INFO] Linked page saved: C:\Users\Administrator\Desktop\test\pages\20251.html
2026-06-03 19:15:27 [INFO] Start saving linked page: https://2025kj.zkclhb.com:2025/20241.html
2026-06-03 19:15:27 [INFO] Linked page saved: C:\Users\Administrator\Desktop\test\pages\20241.html
2026-06-03 19:15:27 [INFO] Start saving linked page: https://2025kj.zkclhb.com:2025/20231.html
2026-06-03 19:15:27 [INFO] Linked page saved: C:\Users\Administrator\Desktop\test\pages\20231.html
2026-06-03 19:15:27 [INFO] Start saving linked page: https://2025kj.zkclhb.com:2025/20221.html
2026-06-03 19:15:27 [INFO] Linked page saved: C:\Users\Administrator\Desktop\test\pages\20221.html
2026-06-03 19:15:27 [INFO] Start saving linked page: https://2025kj.zkclhb.com:2025/20211.html
2026-06-03 19:15:28 [INFO] Linked page saved: C:\Users\Administrator\Desktop\test\pages\20211.html
2026-06-03 19:15:28 [INFO] Start saving linked page: https://2025kj.zkclhb.com:2025/20201.html
2026-06-03 19:15:28 [INFO] Linked page saved: C:\Users\Administrator\Desktop\test\pages\20201.html
2026-06-03 19:15:28 [INFO] Start saving linked page: https://2025kj.zkclhb.com:2025/am1.html
2026-06-03 19:15:28 [INFO] Linked page saved: C:\Users\Administrator\Desktop\test\pages\am1.html
2026-06-03 19:24:52 [INFO] Dashboard data refreshed
2026-06-03 19:24:52 [INFO] Fetch success: C:\Users\Administrator\Desktop\test\index.html
2026-06-04 19:15:02 [INFO] Start fetching: https://2025kj.zkclhb.com:2025/am.html
2026-06-04 19:15:05 [INFO] Start discovering linked page: https://2025kj.zkclhb.com:2025/hk.html
2026-06-04 19:15:27 [WARN] Linked page discovery failed: https://2025kj.zkclhb.com:2025/hk.html - 使用“0”个参数调用“GetResult”时发生异常:“发送请求时出错。”
2026-06-04 19:15:27 [INFO] Start discovering linked page: https://2025kj.zkclhb.com:2025/am2.html
2026-06-04 19:15:27 [INFO] Start discovering linked page: https://2025kj.zkclhb.com:2025/am20.html
2026-06-04 19:15:30 [INFO] Start discovering linked page: https://2025kj.zkclhb.com:2025/am50.html
2026-06-04 19:15:30 [INFO] Start discovering linked page: https://2025kj.zkclhb.com:2025/am100.html
2026-06-04 19:15:31 [INFO] Start discovering linked page: https://2025kj.zkclhb.com:2025/am200.html
2026-06-04 19:15:31 [INFO] Start discovering linked page: https://2025kj.zkclhb.com:2025/2025.html
2026-06-04 19:16:01 [WARN] Linked page discovery failed: https://2025kj.zkclhb.com:2025/2025.html - 使用“0”个参数调用“GetResult”时发生异常:“已取消一个任务。”
2026-06-04 19:16:01 [INFO] Start discovering linked page: https://2025kj.zkclhb.com:2025/2024.html
2026-06-04 19:16:02 [INFO] Start discovering linked page: https://2025kj.zkclhb.com:2025/2023.html
2026-06-04 19:16:12 [INFO] Start discovering linked page: https://2025kj.zkclhb.com:2025/2022.html
2026-06-04 19:16:13 [INFO] Start discovering linked page: https://2025kj.zkclhb.com:2025/2021.html
2026-06-04 19:16:14 [INFO] Start discovering linked page: https://2025kj.zkclhb.com:2025/2020.html
2026-06-04 19:16:14 [INFO] Start discovering linked page: https://2025kj.zkclhb.com:2025/am1.html
2026-06-04 19:16:24 [INFO] Start saving linked page: https://2025kj.zkclhb.com:2025/hk.html
2026-06-04 19:16:24 [INFO] Linked page saved: C:\Users\Administrator\Desktop\test\pages\hk.html
2026-06-04 19:16:24 [INFO] Start saving linked page: https://2025kj.zkclhb.com:2025/am2.html
2026-06-04 19:16:24 [INFO] Linked page saved: C:\Users\Administrator\Desktop\test\pages\am2.html
2026-06-04 19:16:24 [INFO] Start saving linked page: https://2025kj.zkclhb.com:2025/am20.html
2026-06-04 19:16:24 [INFO] Linked page saved: C:\Users\Administrator\Desktop\test\pages\am20.html
2026-06-04 19:16:24 [INFO] Start saving linked page: https://2025kj.zkclhb.com:2025/am50.html
2026-06-04 19:16:24 [INFO] Linked page saved: C:\Users\Administrator\Desktop\test\pages\am50.html
2026-06-04 19:16:24 [INFO] Start saving linked page: https://2025kj.zkclhb.com:2025/am100.html
2026-06-04 19:16:24 [INFO] Linked page saved: C:\Users\Administrator\Desktop\test\pages\am100.html
2026-06-04 19:16:24 [INFO] Start saving linked page: https://2025kj.zkclhb.com:2025/am200.html
2026-06-04 19:16:24 [INFO] Linked page saved: C:\Users\Administrator\Desktop\test\pages\am200.html
2026-06-04 19:16:24 [INFO] Start saving linked page: https://2025kj.zkclhb.com:2025/2025.html
2026-06-04 19:16:27 [INFO] Linked page saved: C:\Users\Administrator\Desktop\test\pages\2025.html
2026-06-04 19:16:27 [INFO] Start saving linked page: https://2025kj.zkclhb.com:2025/2024.html
2026-06-04 19:16:27 [INFO] Linked page saved: C:\Users\Administrator\Desktop\test\pages\2024.html
2026-06-04 19:16:27 [INFO] Start saving linked page: https://2025kj.zkclhb.com:2025/2023.html
2026-06-04 19:16:27 [INFO] Linked page saved: C:\Users\Administrator\Desktop\test\pages\2023.html
2026-06-04 19:16:27 [INFO] Start saving linked page: https://2025kj.zkclhb.com:2025/2022.html
2026-06-04 19:16:27 [INFO] Linked page saved: C:\Users\Administrator\Desktop\test\pages\2022.html
2026-06-04 19:16:27 [INFO] Start saving linked page: https://2025kj.zkclhb.com:2025/2021.html
2026-06-04 19:16:28 [INFO] Linked page saved: C:\Users\Administrator\Desktop\test\pages\2021.html
2026-06-04 19:16:28 [INFO] Start saving linked page: https://2025kj.zkclhb.com:2025/2020.html
2026-06-04 19:16:28 [INFO] Linked page saved: C:\Users\Administrator\Desktop\test\pages\2020.html
2026-06-04 19:16:28 [INFO] Start saving linked page: https://2025kj.zkclhb.com:2025/am1.html
2026-06-04 19:16:28 [INFO] Linked page saved: C:\Users\Administrator\Desktop\test\pages\am1.html
2026-06-04 19:28:48 [INFO] Dashboard data refreshed
2026-06-04 19:28:48 [INFO] Fetch success: C:\Users\Administrator\Desktop\test\index.html
2026-06-05 19:15:02 [INFO] Start fetching: https://2025kj.zkclhb.com:2025/am.html
2026-06-05 19:15:03 [INFO] Start discovering linked page: https://2025kj.zkclhb.com:2025/hk.html
2026-06-05 19:15:04 [INFO] Start discovering linked page: https://2025kj.zkclhb.com:2025/am2.html
2026-06-05 19:15:04 [INFO] Start discovering linked page: https://2025kj.zkclhb.com:2025/am20.html
2026-06-05 19:15:04 [INFO] Start discovering linked page: https://2025kj.zkclhb.com:2025/am50.html
2026-06-05 19:15:05 [INFO] Start discovering linked page: https://2025kj.zkclhb.com:2025/am100.html
2026-06-05 19:15:05 [INFO] Start discovering linked page: https://2025kj.zkclhb.com:2025/am200.html
2026-06-05 19:15:05 [INFO] Start discovering linked page: https://2025kj.zkclhb.com:2025/2025.html
2026-06-05 19:15:06 [INFO] Start discovering linked page: https://2025kj.zkclhb.com:2025/2024.html
2026-06-05 19:15:07 [INFO] Start discovering linked page: https://2025kj.zkclhb.com:2025/2023.html
2026-06-05 19:15:08 [INFO] Start discovering linked page: https://2025kj.zkclhb.com:2025/2022.html
2026-06-05 19:15:09 [INFO] Start discovering linked page: https://2025kj.zkclhb.com:2025/2021.html
2026-06-05 19:15:10 [INFO] Start discovering linked page: https://2025kj.zkclhb.com:2025/2020.html
2026-06-05 19:15:11 [INFO] Start discovering linked page: https://2025kj.zkclhb.com:2025/hk1.html
2026-06-05 19:15:11 [INFO] Start discovering linked page: https://2025kj.zkclhb.com:2025/hk2.html
2026-06-05 19:15:11 [INFO] Start discovering linked page: https://2025kj.zkclhb.com:2025/hk20.html
2026-06-05 19:15:11 [INFO] Start discovering linked page: https://2025kj.zkclhb.com:2025/hk50.html
2026-06-05 19:15:12 [INFO] Start discovering linked page: https://2025kj.zkclhb.com:2025/hk100.html
2026-06-05 19:15:12 [INFO] Start discovering linked page: https://2025kj.zkclhb.com:2025/hk200.html
2026-06-05 19:15:12 [INFO] Start discovering linked page: https://2025kj.zkclhb.com:2025/20251.html
2026-06-05 19:15:13 [INFO] Start discovering linked page: https://2025kj.zkclhb.com:2025/20241.html
2026-06-05 19:15:13 [INFO] Start discovering linked page: https://2025kj.zkclhb.com:2025/20231.html
2026-06-05 19:15:14 [INFO] Start discovering linked page: https://2025kj.zkclhb.com:2025/20221.html
2026-06-05 19:15:14 [INFO] Start discovering linked page: https://2025kj.zkclhb.com:2025/20211.html
2026-06-05 19:15:15 [INFO] Start discovering linked page: https://2025kj.zkclhb.com:2025/20201.html
2026-06-05 19:15:15 [INFO] Start discovering linked page: https://2025kj.zkclhb.com:2025/am1.html
2026-06-05 19:15:15 [INFO] Start saving linked page: https://2025kj.zkclhb.com:2025/hk.html
2026-06-05 19:15:15 [INFO] Linked page saved: C:\Users\Administrator\Desktop\test\pages\hk.html
2026-06-05 19:15:15 [INFO] Start saving linked page: https://2025kj.zkclhb.com:2025/am2.html
2026-06-05 19:15:15 [INFO] Linked page saved: C:\Users\Administrator\Desktop\test\pages\am2.html
2026-06-05 19:15:15 [INFO] Start saving linked page: https://2025kj.zkclhb.com:2025/am20.html
2026-06-05 19:15:15 [INFO] Linked page saved: C:\Users\Administrator\Desktop\test\pages\am20.html
2026-06-05 19:15:15 [INFO] Start saving linked page: https://2025kj.zkclhb.com:2025/am50.html
2026-06-05 19:15:16 [INFO] Linked page saved: C:\Users\Administrator\Desktop\test\pages\am50.html
2026-06-05 19:15:16 [INFO] Start saving linked page: https://2025kj.zkclhb.com:2025/am100.html
2026-06-05 19:15:16 [INFO] Linked page saved: C:\Users\Administrator\Desktop\test\pages\am100.html
2026-06-05 19:15:16 [INFO] Start saving linked page: https://2025kj.zkclhb.com:2025/am200.html
2026-06-05 19:15:16 [INFO] Linked page saved: C:\Users\Administrator\Desktop\test\pages\am200.html
2026-06-05 19:15:16 [INFO] Start saving linked page: https://2025kj.zkclhb.com:2025/2025.html
2026-06-05 19:15:16 [INFO] Linked page saved: C:\Users\Administrator\Desktop\test\pages\2025.html
2026-06-05 19:15:16 [INFO] Start saving linked page: https://2025kj.zkclhb.com:2025/2024.html
2026-06-05 19:15:16 [INFO] Linked page saved: C:\Users\Administrator\Desktop\test\pages\2024.html
2026-06-05 19:15:16 [INFO] Start saving linked page: https://2025kj.zkclhb.com:2025/2023.html
2026-06-05 19:15:16 [INFO] Linked page saved: C:\Users\Administrator\Desktop\test\pages\2023.html
2026-06-05 19:15:16 [INFO] Start saving linked page: https://2025kj.zkclhb.com:2025/2022.html
2026-06-05 19:15:16 [INFO] Linked page saved: C:\Users\Administrator\Desktop\test\pages\2022.html
2026-06-05 19:15:16 [INFO] Start saving linked page: https://2025kj.zkclhb.com:2025/2021.html
2026-06-05 19:15:16 [INFO] Linked page saved: C:\Users\Administrator\Desktop\test\pages\2021.html
2026-06-05 19:15:16 [INFO] Start saving linked page: https://2025kj.zkclhb.com:2025/2020.html
2026-06-05 19:15:16 [INFO] Linked page saved: C:\Users\Administrator\Desktop\test\pages\2020.html
2026-06-05 19:15:16 [INFO] Start saving linked page: https://2025kj.zkclhb.com:2025/hk1.html
2026-06-05 19:15:16 [INFO] Linked page saved: C:\Users\Administrator\Desktop\test\pages\hk1.html
2026-06-05 19:15:16 [INFO] Start saving linked page: https://2025kj.zkclhb.com:2025/hk2.html
2026-06-05 19:15:16 [INFO] Linked page saved: C:\Users\Administrator\Desktop\test\pages\hk2.html
2026-06-05 19:15:16 [INFO] Start saving linked page: https://2025kj.zkclhb.com:2025/hk20.html
2026-06-05 19:15:16 [INFO] Linked page saved: C:\Users\Administrator\Desktop\test\pages\hk20.html
2026-06-05 19:15:16 [INFO] Start saving linked page: https://2025kj.zkclhb.com:2025/hk50.html
2026-06-05 19:15:16 [INFO] Linked page saved: C:\Users\Administrator\Desktop\test\pages\hk50.html
2026-06-05 19:15:16 [INFO] Start saving linked page: https://2025kj.zkclhb.com:2025/hk100.html
2026-06-05 19:15:16 [INFO] Linked page saved: C:\Users\Administrator\Desktop\test\pages\hk100.html
2026-06-05 19:15:16 [INFO] Start saving linked page: https://2025kj.zkclhb.com:2025/hk200.html
2026-06-05 19:15:16 [INFO] Linked page saved: C:\Users\Administrator\Desktop\test\pages\hk200.html
2026-06-05 19:15:16 [INFO] Start saving linked page: https://2025kj.zkclhb.com:2025/20251.html
2026-06-05 19:15:16 [INFO] Linked page saved: C:\Users\Administrator\Desktop\test\pages\20251.html
2026-06-05 19:15:16 [INFO] Start saving linked page: https://2025kj.zkclhb.com:2025/20241.html
2026-06-05 19:15:16 [INFO] Linked page saved: C:\Users\Administrator\Desktop\test\pages\20241.html
2026-06-05 19:15:16 [INFO] Start saving linked page: https://2025kj.zkclhb.com:2025/20231.html
2026-06-05 19:15:17 [INFO] Linked page saved: C:\Users\Administrator\Desktop\test\pages\20231.html
2026-06-05 19:15:17 [INFO] Start saving linked page: https://2025kj.zkclhb.com:2025/20221.html
2026-06-05 19:15:17 [INFO] Linked page saved: C:\Users\Administrator\Desktop\test\pages\20221.html
2026-06-05 19:15:17 [INFO] Start saving linked page: https://2025kj.zkclhb.com:2025/20211.html
2026-06-05 19:15:17 [INFO] Linked page saved: C:\Users\Administrator\Desktop\test\pages\20211.html
2026-06-05 19:15:17 [INFO] Start saving linked page: https://2025kj.zkclhb.com:2025/20201.html
2026-06-05 19:15:17 [INFO] Linked page saved: C:\Users\Administrator\Desktop\test\pages\20201.html
2026-06-05 19:15:17 [INFO] Start saving linked page: https://2025kj.zkclhb.com:2025/am1.html
2026-06-05 19:15:17 [INFO] Linked page saved: C:\Users\Administrator\Desktop\test\pages\am1.html
2026-06-05 19:25:37 [INFO] Dashboard data refreshed
2026-06-05 19:25:37 [INFO] Fetch success: C:\Users\Administrator\Desktop\test\index.html
